-- phpMyAdmin SQL Dump
-- version 5.0.2
-- https://www.phpmyadmin.net/
--
-- Host: 127.0.0.1
-- Generation Time: May 29, 2020 at 06:44 AM
-- Server version: 10.4.11-MariaDB
-- PHP Version: 7.4.5

SET SQL_MODE = "NO_AUTO_VALUE_ON_ZERO";
START TRANSACTION;
SET time_zone = "+00:00";


/*!40101 SET @OLD_CHARACTER_SET_CLIENT=@@CHARACTER_SET_CLIENT */;
/*!40101 SET @OLD_CHARACTER_SET_RESULTS=@@CHARACTER_SET_RESULTS */;
/*!40101 SET @OLD_COLLATION_CONNECTION=@@COLLATION_CONNECTION */;
/*!40101 SET NAMES utf8mb4 */;

--
-- Database: `apriori_test`
--

-- --------------------------------------------------------

--
-- Table structure for table `tbl_pengguna`
--

CREATE TABLE `tbl_pengguna` (
  `id` int(10) UNSIGNED NOT NULL,
  `pengguna_name` varchar(191) COLLATE utf8mb4_unicode_ci NOT NULL,
  `username` varchar(191) COLLATE utf8mb4_unicode_ci NOT NULL,
  `password` varchar(191) COLLATE utf8mb4_unicode_ci NOT NULL,
  `remember_token` varchar(100) COLLATE utf8mb4_unicode_ci DEFAULT NULL,
  `created_at` timestamp NULL DEFAULT NULL,
  `updated_at` timestamp NULL DEFAULT NULL
) ENGINE=InnoDB DEFAULT CHARSET=utf8mb4 COLLATE=utf8mb4_unicode_ci;

--
-- Dumping data for table `tbl_pengguna`
--

INSERT INTO `tbl_pengguna` (`id`, `pengguna_name`, `username`, `password`, `remember_token`, `created_at`, `updated_at`) VALUES
(1, 'Magdalena Goyette1', 'pearline.jerde', 'e10adc3949ba59abbe56e057f20f883e', NULL, NULL, '2020-02-16 20:20:15'),
(2, 'Tyler Heller', 'qcorkery', 'e10adc3949ba59abbe56e057f20f883e', NULL, NULL, NULL),
(3, 'Dr. Garret Wilderman', 'jkeebler', 'e10adc3949ba59abbe56e057f20f883e', NULL, NULL, NULL),
(4, 'Reece Corkery', 'adrian.walsh', 'e10adc3949ba59abbe56e057f20f883e', NULL, NULL, NULL),
(6, 'jojo', 'admin', 'e10adc3949ba59abbe56e057f20f883e', NULL, '2020-01-09 09:40:45', '2020-01-09 20:53:00'),
(8, 'Lintang', 'admin1', 'e10adc3949ba59abbe56e057f20f883e', NULL, '2020-01-10 02:13:56', '2020-01-10 02:13:56');

-- --------------------------------------------------------

--
-- Table structure for table `tbl_produk`
--

CREATE TABLE `tbl_produk` (
  `id` int(10) UNSIGNED NOT NULL,
  `produk_kode` varchar(191) COLLATE utf8mb4_unicode_ci NOT NULL,
  `produk_name` varchar(191) COLLATE utf8mb4_unicode_ci NOT NULL,
  `produk_harga` int(11) NOT NULL DEFAULT 0,
  `produk_stok` int(11) DEFAULT 0,
  `produk_image` varchar(191) COLLATE utf8mb4_unicode_ci DEFAULT NULL,
  `created_at` timestamp NULL DEFAULT NULL,
  `updated_at` timestamp NULL DEFAULT NULL
) ENGINE=InnoDB DEFAULT CHARSET=utf8mb4 COLLATE=utf8mb4_unicode_ci;

--
-- Dumping data for table `tbl_produk`
--

INSERT INTO `tbl_produk` (`id`, `produk_kode`, `produk_name`, `produk_harga`, `produk_stok`, `produk_image`, `created_at`, `updated_at`) VALUES
(1, 'P00000001', 'Burger', 15000, 9, '20200217035406.jpg', '2020-02-16 20:54:06', '2020-02-16 20:54:06'),
(2, 'P00000002', 'Pisang Coklat Keju', 10000, 0, '20200217073319.jpg', '2020-02-17 00:33:19', '2020-02-17 00:33:19'),
(3, 'P00000003', 'Nasi Goreng', 18000, 0, '20200221071557.jpg', '2020-02-21 00:15:57', '2020-02-21 00:15:57'),
(4, 'P00000004', 'Soda Gembira', 12000, 0, '20200221081440.jpg', '2020-02-21 01:14:40', '2020-02-21 01:14:40'),
(5, 'P00000005', 'Mie Goreng Special', 25000, 0, '20200221082051.jpg', '2020-02-21 01:20:51', '2020-02-21 01:20:51'),
(6, 'P00000006', 'Kue tiaw Goreng', 24000, 0, '20200221082154.jpg', '2020-02-21 01:21:54', '2020-02-21 01:21:54'),
(7, 'P00000007', 'Roti Bakar', 10000, 0, '20200221082233.jpg', '2020-02-21 01:22:33', '2020-02-21 01:22:33'),
(8, 'P00000008', 'Teh manis', 5000, 0, '20200221082300.jpg', '2020-02-21 01:23:00', '2020-02-21 01:23:00'),
(9, 'P00000009', 'Kopi Hitam', 8000, 0, '20200221082332.jpg', '2020-02-21 01:23:32', '2020-02-21 01:23:32'),
(10, 'P00000010', 'Es Campur', 15000, 0, '20200221082427.jpg', '2020-02-21 01:24:27', '2020-02-21 01:24:27'),
(11, 'P00000011', 'Crazy fet Burger', 35000, 0, '20200221082640.png', '2020-02-21 01:26:40', '2020-02-21 01:26:40'),
(12, 'P00000012', 'Kentang Goreng', 10000, 0, '20200221082749.png', '2020-02-21 01:27:49', '2020-02-21 01:27:49'),
(13, 'P00000013', 'Surabi Keju', 14000, 0, '20200221082825.jpg', '2020-02-21 01:28:25', '2020-02-21 01:28:25');

-- --------------------------------------------------------

--
-- Table structure for table `tbl_stok`
--

CREATE TABLE `tbl_stok` (
  `id` int(10) UNSIGNED NOT NULL,
  `id_produk` int(10) NOT NULL,
  `stok_jumlah` varchar(191) COLLATE utf8mb4_unicode_ci NOT NULL,
  `stok_tanggal` date NOT NULL DEFAULT '0000-00-00',
  `created_at` timestamp NULL DEFAULT NULL,
  `updated_at` timestamp NULL DEFAULT NULL
) ENGINE=InnoDB DEFAULT CHARSET=utf8mb4 COLLATE=utf8mb4_unicode_ci;

--
-- Dumping data for table `tbl_stok`
--

INSERT INTO `tbl_stok` (`id`, `id_produk`, `stok_jumlah`, `stok_tanggal`, `created_at`, `updated_at`) VALUES
(1, 1, '5', '2020-02-17', '2020-02-16 23:09:14', '2020-02-16 23:09:14'),
(2, 1, '-1', '2020-02-17', '2020-02-16 23:12:47', '2020-02-16 23:12:47'),
(3, 1, '5', '2020-02-26', '2020-02-25 21:51:45', '2020-02-25 21:51:45');

-- --------------------------------------------------------

--
-- Table structure for table `tbl_transaksi`
--

CREATE TABLE `tbl_transaksi` (
  `id` int(10) UNSIGNED NOT NULL,
  `transaksi_no` varchar(191) COLLATE utf8mb4_unicode_ci NOT NULL,
  `transaksi_tgl` date NOT NULL,
  `created_at` timestamp NULL DEFAULT NULL,
  `updated_at` timestamp NULL DEFAULT NULL
) ENGINE=InnoDB DEFAULT CHARSET=utf8mb4 COLLATE=utf8mb4_unicode_ci;

--
-- Dumping data for table `tbl_transaksi`
--

INSERT INTO `tbl_transaksi` (`id`, `transaksi_no`, `transaksi_tgl`, `created_at`, `updated_at`) VALUES
(1, 'TRX2002170001', '2020-02-17', '2020-02-17 00:45:58', '2020-02-17 00:45:58'),
(3, 'TRX2002170002', '2020-02-17', '2020-02-17 00:47:36', '2020-02-17 00:47:36'),
(4, 'TRX2002210001', '2019-04-24', '2020-02-21 01:31:02', '2020-02-21 01:31:02'),
(5, 'TRX2002210001', '2019-10-19', '2020-02-21 01:31:02', '2020-02-21 01:31:02'),
(6, 'TRX2002210001', '2020-02-19', '2020-02-21 01:31:02', '2020-02-21 01:31:02'),
(7, 'TRX2002210001', '2019-11-06', '2020-02-21 01:31:02', '2020-02-21 01:31:02'),
(8, 'TRX2002210001', '2019-06-06', '2020-02-21 01:31:02', '2020-02-21 01:31:02'),
(9, 'TRX2002210001', '2019-09-06', '2020-02-21 01:31:03', '2020-02-21 01:31:03'),
(10, 'TRX2002210001', '2020-01-06', '2020-02-21 01:31:03', '2020-02-21 01:31:03'),
(11, 'TRX2002210001', '2019-08-19', '2020-02-21 01:31:03', '2020-02-21 01:31:03'),
(12, 'TRX2002210001', '2019-02-20', '2020-02-21 01:31:03', '2020-02-21 01:31:03'),
(13, 'TRX2002210001', '2019-06-19', '2020-02-21 01:31:03', '2020-02-21 01:31:03'),
(14, 'TRX2002210001', '2018-12-09', '2020-02-21 01:31:03', '2020-02-21 01:31:03'),
(15, 'TRX2002210001', '2019-07-19', '2020-02-21 01:31:03', '2020-02-21 01:31:03'),
(16, 'TRX2002210001', '2019-07-06', '2020-02-21 01:31:04', '2020-02-21 01:31:04'),
(17, 'TRX2002210002', '2019-10-19', '2020-02-21 01:31:04', '2020-02-21 01:31:04'),
(18, 'TRX2002210001', '2020-01-19', '2020-02-21 01:31:04', '2020-02-21 01:31:04'),
(19, 'TRX2002210001', '2019-12-06', '2020-02-21 01:31:04', '2020-02-21 01:31:04'),
(20, 'TRX2002210001', '2019-08-06', '2020-02-21 01:31:04', '2020-02-21 01:31:04'),
(21, 'TRX2002210001', '2018-11-26', '2020-02-21 01:31:04', '2020-02-21 01:31:04'),
(22, 'TRX2002210002', '2020-01-19', '2020-02-21 01:31:05', '2020-02-21 01:31:05'),
(23, 'TRX2002210002', '2020-01-06', '2020-02-21 01:31:05', '2020-02-21 01:31:05'),
(24, 'TRX2002210003', '2019-10-19', '2020-02-21 01:31:05', '2020-02-21 01:31:05'),
(25, 'TRX2002210001', '2019-05-06', '2020-02-21 01:31:05', '2020-02-21 01:31:05'),
(26, 'TRX2002210001', '2019-10-06', '2020-02-21 01:31:05', '2020-02-21 01:31:05'),
(27, 'TRX2002210001', '2018-07-24', '2020-02-21 01:31:06', '2020-02-21 01:31:06'),
(28, 'TRX2002210001', '2019-12-19', '2020-02-21 01:31:06', '2020-02-21 01:31:06'),
(29, 'TRX2002210001', '2019-02-05', '2020-02-21 01:31:06', '2020-02-21 01:31:06'),
(30, 'TRX2002210002', '2019-07-06', '2020-02-21 01:31:06', '2020-02-21 01:31:06'),
(31, 'TRX2002210002', '2020-02-19', '2020-02-21 01:31:06', '2020-02-21 01:31:06'),
(32, 'TRX2002210002', '2018-07-24', '2020-02-21 01:31:07', '2020-02-21 01:31:07'),
(33, 'TRX2002210001', '2019-01-01', '2020-02-21 01:31:07', '2020-02-21 01:31:07'),
(34, 'TRX2002210003', '2020-01-19', '2020-02-21 01:31:07', '2020-02-21 01:31:07'),
(35, 'TRX2002210001', '2019-05-19', '2020-02-21 01:31:07', '2020-02-21 01:31:07'),
(36, 'TRX2002210002', '2019-05-06', '2020-02-21 01:31:08', '2020-02-21 01:31:08'),
(37, 'TRX2002210001', '2020-02-06', '2020-02-21 01:31:09', '2020-02-21 01:31:09'),
(38, 'TRX2002210002', '2019-01-01', '2020-02-21 01:31:09', '2020-02-21 01:31:09'),
(39, 'TRX2002210002', '2019-09-06', '2020-02-21 01:31:09', '2020-02-21 01:31:09'),
(40, 'TRX2002210001', '2018-09-16', '2020-02-21 01:31:09', '2020-02-21 01:31:09'),
(41, 'TRX2002210002', '2019-12-06', '2020-02-21 01:31:10', '2020-02-21 01:31:10'),
(42, 'TRX2002210002', '2019-08-06', '2020-02-21 01:31:10', '2020-02-21 01:31:10'),
(43, 'TRX2002210001', '2019-03-26', '2020-02-21 01:31:10', '2020-02-21 01:31:10'),
(44, 'TRX2002210003', '2019-01-01', '2020-02-21 01:31:10', '2020-02-21 01:31:10'),
(45, 'TRX2002210004', '2020-01-19', '2020-02-21 01:31:10', '2020-02-21 01:31:10'),
(46, 'TRX2002210002', '2018-12-09', '2020-02-21 01:31:10', '2020-02-21 01:31:10'),
(47, 'TRX2002210004', '2019-10-19', '2020-02-21 01:31:11', '2020-02-21 01:31:11'),
(48, 'TRX2002210002', '2019-07-19', '2020-02-21 01:31:11', '2020-02-21 01:31:11'),
(49, 'TRX2002210001', '2019-03-15', '2020-02-21 01:31:11', '2020-02-21 01:31:11'),
(50, 'TRX2002210002', '2019-04-24', '2020-02-21 01:31:11', '2020-02-21 01:31:11'),
(51, 'TRX2002210002', '2019-05-19', '2020-02-21 01:31:11', '2020-02-21 01:31:11'),
(52, 'TRX2002210001', '2018-11-14', '2020-02-21 01:31:11', '2020-02-21 01:31:11'),
(53, 'TRX2002210002', '2019-02-05', '2020-02-21 01:31:12', '2020-02-21 01:31:12'),
(54, 'TRX2002210001', '2019-09-19', '2020-02-21 01:31:12', '2020-02-21 01:31:12'),
(55, 'TRX2002210001', '2019-01-17', '2020-02-21 01:31:12', '2020-02-21 01:31:12'),
(56, 'TRX2002210002', '2018-11-14', '2020-02-21 01:31:12', '2020-02-21 01:31:12'),
(57, 'TRX2002210003', '2019-04-24', '2020-02-21 01:31:13', '2020-02-21 01:31:13'),
(58, 'TRX2002210004', '2019-01-01', '2020-02-21 01:31:13', '2020-02-21 01:31:13'),
(59, 'TRX2002210005', '2020-01-19', '2020-02-21 01:31:13', '2020-02-21 01:31:13'),
(60, 'TRX2002210001', '2019-04-07', '2020-02-21 01:31:13', '2020-02-21 01:31:13'),
(61, 'TRX2002210005', '2019-10-19', '2020-02-21 01:31:14', '2020-02-21 01:31:14'),
(62, 'TRX2002210001', '2018-08-24', '2020-02-21 01:31:14', '2020-02-21 01:31:14'),
(63, 'TRX2002210003', '2018-12-09', '2020-02-21 01:31:14', '2020-02-21 01:31:14'),
(64, 'TRX2002210001', '2018-09-03', '2020-02-21 01:31:14', '2020-02-21 01:31:14'),
(65, 'TRX2002210002', '2019-06-19', '2020-02-21 01:31:15', '2020-02-21 01:31:15'),
(66, 'TRX2002210003', '2019-07-06', '2020-02-21 01:31:15', '2020-02-21 01:31:15'),
(67, 'TRX2002210002', '2019-12-19', '2020-02-21 01:31:15', '2020-02-21 01:31:15'),
(68, 'TRX2002210002', '2019-11-06', '2020-02-21 01:31:15', '2020-02-21 01:31:15'),
(69, 'TRX2002210003', '2019-12-06', '2020-02-21 01:31:15', '2020-02-21 01:31:15'),
(70, 'TRX2002210002', '2018-09-16', '2020-02-21 01:31:16', '2020-02-21 01:31:16'),
(71, 'TRX2002210002', '2019-03-15', '2020-02-21 01:31:16', '2020-02-21 01:31:16'),
(72, 'TRX2002210003', '2019-05-19', '2020-02-21 01:31:16', '2020-02-21 01:31:16'),
(73, 'TRX2002210003', '2019-06-19', '2020-02-21 01:31:16', '2020-02-21 01:31:16'),
(74, 'TRX2002210003', '2019-12-19', '2020-02-21 01:31:16', '2020-02-21 01:31:16'),
(75, 'TRX2002210004', '2019-12-19', '2020-02-21 01:31:16', '2020-02-21 01:31:16'),
(76, 'TRX2002210002', '2018-09-03', '2020-02-21 01:31:16', '2020-02-21 01:31:16'),
(77, 'TRX2002210004', '2018-12-09', '2020-02-21 01:31:17', '2020-02-21 01:31:17'),
(78, 'TRX2002210001', '2019-11-19', '2020-02-21 01:31:17', '2020-02-21 01:31:17'),
(79, 'TRX2002210002', '2019-06-06', '2020-02-21 01:31:17', '2020-02-21 01:31:17'),
(80, 'TRX2002210003', '2018-11-14', '2020-02-21 01:31:17', '2020-02-21 01:31:17'),
(81, 'TRX2002210002', '2019-04-07', '2020-02-21 01:31:18', '2020-02-21 01:31:18'),
(82, 'TRX2002210003', '2019-06-06', '2020-02-21 01:31:18', '2020-02-21 01:31:18'),
(83, 'TRX2002210005', '2019-01-01', '2020-02-21 01:31:18', '2020-02-21 01:31:18'),
(84, 'TRX2002210004', '2019-06-19', '2020-02-21 01:31:18', '2020-02-21 01:31:18'),
(85, 'TRX2002210003', '2018-07-24', '2020-02-21 01:31:18', '2020-02-21 01:31:18'),
(86, 'TRX2002210003', '2019-11-06', '2020-02-21 01:31:18', '2020-02-21 01:31:18'),
(87, 'TRX2002210003', '2019-03-15', '2020-02-21 01:31:19', '2020-02-21 01:31:19'),
(88, 'TRX2002210003', '2018-09-16', '2020-02-21 01:31:19', '2020-02-21 01:31:19'),
(89, 'TRX2002210002', '2018-11-26', '2020-02-21 01:31:19', '2020-02-21 01:31:19'),
(90, 'TRX2002210004', '2018-11-14', '2020-02-21 01:31:20', '2020-02-21 01:31:20'),
(91, 'TRX2002210001', '2018-10-10', '2020-02-21 01:31:20', '2020-02-21 01:31:20'),
(92, 'TRX2002210003', '2020-02-19', '2020-02-21 01:31:20', '2020-02-21 01:31:20'),
(93, 'TRX2002210002', '2019-11-19', '2020-02-21 01:31:20', '2020-02-21 01:31:20'),
(94, 'TRX2002210006', '2020-01-19', '2020-02-21 01:31:20', '2020-02-21 01:31:20'),
(95, 'TRX2002210001', '2018-08-15', '2020-02-21 01:31:21', '2020-02-21 01:31:21'),
(96, 'TRX2002210002', '2019-09-19', '2020-02-21 01:31:21', '2020-02-21 01:31:21'),
(97, 'TRX2002210005', '2018-11-14', '2020-02-21 01:31:21', '2020-02-21 01:31:21'),
(98, 'TRX2002210005', '2019-12-19', '2020-02-21 01:31:21', '2020-02-21 01:31:21'),
(99, 'TRX2002210005', '2019-06-19', '2020-02-21 01:31:21', '2020-02-21 01:31:21'),
(100, 'TRX2002210004', '2018-07-24', '2020-02-21 01:31:22', '2020-02-21 01:31:22'),
(101, 'TRX2002210004', '2019-06-06', '2020-02-21 01:31:22', '2020-02-21 01:31:22'),
(102, 'TRX2002210005', '2018-12-09', '2020-02-21 01:31:22', '2020-02-21 01:31:22'),
(103, 'TRX2002210003', '2019-05-06', '2020-02-21 01:31:22', '2020-02-21 01:31:22'),
(104, 'TRX2002210003', '2019-02-05', '2020-02-21 01:31:22', '2020-02-21 01:31:22'),
(105, 'TRX2002210001', '2018-12-21', '2020-02-21 01:31:22', '2020-02-21 01:31:22'),
(106, 'TRX2002210003', '2019-04-07', '2020-02-21 01:31:23', '2020-02-21 01:31:23'),
(107, 'TRX2002210006', '2019-12-19', '2020-02-21 01:31:23', '2020-02-21 01:31:23'),
(108, 'TRX2002210003', '2019-08-06', '2020-02-21 01:31:23', '2020-02-21 01:31:23'),
(109, 'TRX2002210002', '2018-12-21', '2020-02-21 01:31:23', '2020-02-21 01:31:23'),
(110, 'TRX2002210003', '2018-11-26', '2020-02-21 01:31:23', '2020-02-21 01:31:23'),
(111, 'TRX2002210004', '2018-09-16', '2020-02-21 01:31:23', '2020-02-21 01:31:23'),
(112, 'TRX2002210006', '2019-01-01', '2020-02-21 01:31:23', '2020-02-21 01:31:23'),
(113, 'TRX2002210003', '2020-01-06', '2020-02-21 01:31:24', '2020-02-21 01:31:24'),
(114, 'TRX2002210003', '2018-09-03', '2020-02-21 01:31:24', '2020-02-21 01:31:24'),
(115, 'TRX2002210007', '2019-12-19', '2020-02-21 01:31:24', '2020-02-21 01:31:24'),
(116, 'TRX2002210004', '2019-11-06', '2020-02-21 01:31:24', '2020-02-21 01:31:24'),
(117, 'TRX2002210001', '2018-07-15', '2020-02-21 01:31:24', '2020-02-21 01:31:24'),
(118, 'TRX2002210006', '2019-06-19', '2020-02-21 01:31:25', '2020-02-21 01:31:25'),
(119, 'TRX2002210004', '2018-11-26', '2020-02-21 01:31:25', '2020-02-21 01:31:25'),
(120, 'TRX2002210004', '2018-09-03', '2020-02-21 01:31:25', '2020-02-21 01:31:25'),
(121, 'TRX2002210004', '2019-05-06', '2020-02-21 01:31:25', '2020-02-21 01:31:25'),
(122, 'TRX2002210002', '2019-08-19', '2020-02-21 01:31:25', '2020-02-21 01:31:25'),
(123, 'TRX2002210006', '2018-12-09', '2020-02-21 01:31:25', '2020-02-21 01:31:25'),
(124, 'TRX2002210005', '2018-09-03', '2020-02-21 01:31:25', '2020-02-21 01:31:25'),
(125, 'TRX2002210004', '2019-07-06', '2020-02-21 01:31:26', '2020-02-21 01:31:26'),
(126, 'TRX2002210003', '2019-08-19', '2020-02-21 01:31:26', '2020-02-21 01:31:26'),
(127, 'TRX2002210004', '2019-08-06', '2020-02-21 01:31:26', '2020-02-21 01:31:26'),
(128, 'TRX2002210003', '2019-09-19', '2020-02-21 01:31:26', '2020-02-21 01:31:26'),
(129, 'TRX2002210005', '2019-08-06', '2020-02-21 01:31:26', '2020-02-21 01:31:26'),
(130, 'TRX2002210004', '2019-05-19', '2020-02-21 01:31:26', '2020-02-21 01:31:26'),
(131, 'TRX2002210005', '2019-07-06', '2020-02-21 01:31:26', '2020-02-21 01:31:26'),
(132, 'TRX2002210002', '2019-10-06', '2020-02-21 01:31:27', '2020-02-21 01:31:27'),
(133, 'TRX2002210004', '2019-02-05', '2020-02-21 01:31:27', '2020-02-21 01:31:27'),
(134, 'TRX2002210003', '2019-07-19', '2020-02-21 01:31:27', '2020-02-21 01:31:27'),
(135, 'TRX2002210008', '2019-12-19', '2020-02-21 01:31:27', '2020-02-21 01:31:27'),
(136, 'TRX2002210007', '2018-12-09', '2020-02-21 01:31:27', '2020-02-21 01:31:27'),
(137, 'TRX2002210002', '2019-01-17', '2020-02-21 01:31:27', '2020-02-21 01:31:27'),
(138, 'TRX2002210006', '2018-11-14', '2020-02-21 01:31:28', '2020-02-21 01:31:28'),
(139, 'TRX2002210001', '2018-10-21', '2020-02-21 01:31:28', '2020-02-21 01:31:28'),
(140, 'TRX2002210004', '2019-03-15', '2020-02-21 01:31:28', '2020-02-21 01:31:28'),
(141, 'TRX2002210006', '2019-08-06', '2020-02-21 01:31:28', '2020-02-21 01:31:28'),
(142, 'TRX2002210004', '2019-09-19', '2020-02-21 01:31:29', '2020-02-21 01:31:29'),
(143, 'TRX2002210002', '2020-02-06', '2020-02-21 01:31:29', '2020-02-21 01:31:29'),
(144, 'TRX2002210003', '2019-01-17', '2020-02-21 01:31:29', '2020-02-21 01:31:29'),
(145, 'TRX2002210004', '2019-01-17', '2020-02-21 01:31:29', '2020-02-21 01:31:29'),
(146, 'TRX2002210002', '2018-08-15', '2020-02-21 01:31:29', '2020-02-21 01:31:29'),
(147, 'TRX2002210003', '2019-09-06', '2020-02-21 01:31:29', '2020-02-21 01:31:29'),
(148, 'TRX2002210004', '2020-02-19', '2020-02-21 01:31:29', '2020-02-21 01:31:29'),
(149, 'TRX2002210006', '2019-07-06', '2020-02-21 01:31:30', '2020-02-21 01:31:30'),
(150, 'TRX2002210005', '2018-11-26', '2020-02-21 01:31:30', '2020-02-21 01:31:30'),
(151, 'TRX2002210005', '2018-07-24', '2020-02-21 01:31:30', '2020-02-21 01:31:30'),
(152, 'TRX2002210002', '2018-08-24', '2020-02-21 01:31:30', '2020-02-21 01:31:30'),
(153, 'TRX2002210004', '2019-07-19', '2020-02-21 01:31:31', '2020-02-21 01:31:31'),
(154, 'TRX2002210005', '2019-01-17', '2020-02-21 01:31:31', '2020-02-21 01:31:31'),
(155, 'TRX2002210005', '2019-02-05', '2020-02-21 01:31:31', '2020-02-21 01:31:31'),
(156, 'TRX2002210006', '2019-01-17', '2020-02-21 01:31:31', '2020-02-21 01:31:31'),
(157, 'TRX2002210002', '2019-03-26', '2020-02-21 01:31:31', '2020-02-21 01:31:31'),
(158, 'TRX2002210002', '2019-02-20', '2020-02-21 01:33:05', '2020-02-21 01:33:05'),
(159, 'TRX2002210003', '2020-02-06', '2020-02-21 01:33:05', '2020-02-21 01:33:05'),
(160, 'TRX2002210006', '2018-09-03', '2020-02-21 01:33:05', '2020-02-21 01:33:05'),
(161, 'TRX2002210004', '2019-04-07', '2020-02-21 01:33:05', '2020-02-21 01:33:05'),
(162, 'TRX2002210004', '2019-04-24', '2020-02-21 01:33:06', '2020-02-21 01:33:06'),
(163, 'TRX2002210004', '2020-01-06', '2020-02-21 01:33:06', '2020-02-21 01:33:06'),
(164, 'TRX2002210002', '2018-10-21', '2020-02-21 01:33:06', '2020-02-21 01:33:06'),
(165, 'TRX2002210009', '2019-12-19', '2020-02-21 01:33:06', '2020-02-21 01:33:06'),
(166, 'TRX2002210003', '2019-10-06', '2020-02-21 01:33:06', '2020-02-21 01:33:06'),
(167, 'TRX2002210004', '2019-08-19', '2020-02-21 01:33:06', '2020-02-21 01:33:06'),
(168, 'TRX2002210005', '2019-06-06', '2020-02-21 01:33:07', '2020-02-21 01:33:07'),
(169, 'TRX2002210006', '2019-06-06', '2020-02-21 01:33:07', '2020-02-21 01:33:07'),
(170, 'TRX2002210004', '2019-09-06', '2020-02-21 01:33:07', '2020-02-21 01:33:07'),
(171, 'TRX2002210005', '2019-09-06', '2020-02-21 01:33:07', '2020-02-21 01:33:07'),
(172, 'TRX2002210006', '2019-09-06', '2020-02-21 01:33:07', '2020-02-21 01:33:07'),
(173, 'TRX2002210005', '2019-05-19', '2020-02-21 01:33:07', '2020-02-21 01:33:07'),
(174, 'TRX2002210007', '2018-11-14', '2020-02-21 01:33:07', '2020-02-21 01:33:07'),
(175, 'TRX2002210007', '2019-08-06', '2020-02-21 01:33:08', '2020-02-21 01:33:08'),
(176, 'TRX2002210003', '2018-08-24', '2020-02-21 01:33:08', '2020-02-21 01:33:08'),
(177, 'TRX2002210004', '2020-02-06', '2020-02-21 01:33:08', '2020-02-21 01:33:08'),
(178, 'TRX2002210003', '2019-03-26', '2020-02-21 01:33:08', '2020-02-21 01:33:08'),
(179, 'TRX2002210005', '2019-04-07', '2020-02-21 01:33:08', '2020-02-21 01:33:08'),
(180, 'TRX2002210005', '2018-09-16', '2020-02-21 01:33:08', '2020-02-21 01:33:08'),
(181, 'TRX2002210008', '2018-12-09', '2020-02-21 01:33:09', '2020-02-21 01:33:09'),
(182, 'TRX2002210005', '2019-03-15', '2020-02-21 01:33:09', '2020-02-21 01:33:09'),
(183, 'TRX2002210007', '2020-01-19', '2020-02-21 01:33:09', '2020-02-21 01:33:09'),
(184, 'TRX2002210003', '2019-11-19', '2020-02-21 01:33:09', '2020-02-21 01:33:09'),
(185, 'TRX2002210007', '2019-01-01', '2020-02-21 01:33:09', '2020-02-21 01:33:09'),
(186, 'TRX2002210008', '2019-01-01', '2020-02-21 01:33:09', '2020-02-21 01:33:09'),
(187, 'TRX2002210005', '2019-11-06', '2020-02-21 01:33:10', '2020-02-21 01:33:10'),
(188, 'TRX2002210007', '2018-09-03', '2020-02-21 01:33:10', '2020-02-21 01:33:10'),
(189, 'TRX2002210006', '2018-09-16', '2020-02-21 01:33:10', '2020-02-21 01:33:10'),
(190, 'TRX2002210007', '2019-06-06', '2020-02-21 01:33:10', '2020-02-21 01:33:10'),
(191, 'TRX2002210006', '2019-03-15', '2020-02-21 01:33:10', '2020-02-21 01:33:10'),
(192, 'TRX2002210003', '2018-08-15', '2020-02-21 01:33:10', '2020-02-21 01:33:10'),
(193, 'TRX2002210008', '2018-09-03', '2020-02-21 01:33:11', '2020-02-21 01:33:11'),
(194, 'TRX2002210004', '2018-08-15', '2020-02-21 01:33:11', '2020-02-21 01:33:11'),
(195, 'TRX2002210008', '2018-11-14', '2020-02-21 01:33:11', '2020-02-21 01:33:11'),
(196, 'TRX2002210007', '2019-03-15', '2020-02-21 01:33:11', '2020-02-21 01:33:11'),
(197, 'TRX2002210007', '2019-01-17', '2020-02-21 01:33:11', '2020-02-21 01:33:11'),
(198, 'TRX2002210005', '2019-04-24', '2020-02-21 01:33:11', '2020-02-21 01:33:11'),
(199, 'TRX2002210007', '2019-06-19', '2020-02-21 01:33:11', '2020-02-21 01:33:11'),
(200, 'TRX2002210003', '2019-02-20', '2020-02-21 01:33:12', '2020-02-21 01:33:12'),
(201, 'TRX2002210004', '2018-08-24', '2020-02-21 01:33:12', '2020-02-21 01:33:12'),
(202, 'TRX2002210004', '2019-02-20', '2020-02-21 01:33:12', '2020-02-21 01:33:12'),
(203, 'TRX2002210006', '2019-05-19', '2020-02-21 01:33:12', '2020-02-21 01:33:12'),
(204, 'TRX2002210005', '2019-05-06', '2020-02-21 01:33:12', '2020-02-21 01:33:12'),
(205, 'TRX2002210003', '2018-10-21', '2020-02-21 01:33:12', '2020-02-21 01:33:12'),
(206, 'TRX2002210004', '2018-10-21', '2020-02-21 01:33:13', '2020-02-21 01:33:13'),
(207, 'TRX2002210008', '2019-06-19', '2020-02-21 01:33:13', '2020-02-21 01:33:13'),
(208, 'TRX2002240001', '2020-02-24', '2020-02-23 21:13:16', '2020-02-23 21:13:16');

-- --------------------------------------------------------

--
-- Table structure for table `tbl_transaksi_detail`
--

CREATE TABLE `tbl_transaksi_detail` (
  `id` int(10) UNSIGNED NOT NULL,
  `id_transaksi` int(11) NOT NULL,
  `id_produk` int(11) NOT NULL,
  `detail_transaksi_jumlah` int(11) NOT NULL DEFAULT 0,
  `detail_transaksi_harga` int(11) DEFAULT 0,
  `created_at` timestamp NULL DEFAULT NULL,
  `updated_at` timestamp NULL DEFAULT NULL
) ENGINE=InnoDB DEFAULT CHARSET=utf8mb4 COLLATE=utf8mb4_unicode_ci;

--
-- Dumping data for table `tbl_transaksi_detail`
--

INSERT INTO `tbl_transaksi_detail` (`id`, `id_transaksi`, `id_produk`, `detail_transaksi_jumlah`, `detail_transaksi_harga`, `created_at`, `updated_at`) VALUES
(1, 1, 1, 1, 15000, '2020-02-17 00:45:58', '2020-02-17 00:45:58'),
(2, 1, 2, 1, 10000, '2020-02-17 00:45:58', '2020-02-17 00:45:58'),
(3, 3, 1, 1, 15000, '2020-02-17 00:47:37', '2020-02-17 00:47:37'),
(4, 4, 5, 1, 25000, '2020-02-21 01:31:02', '2020-02-21 01:31:02'),
(5, 4, 9, 1, 8000, '2020-02-21 01:31:02', '2020-02-21 01:31:02'),
(6, 4, 6, 1, 24000, '2020-02-21 01:31:02', '2020-02-21 01:31:02'),
(7, 4, 7, 2, 10000, '2020-02-21 01:31:02', '2020-02-21 01:31:02'),
(8, 5, 13, 1, 14000, '2020-02-21 01:31:02', '2020-02-21 01:31:02'),
(9, 6, 6, 3, 24000, '2020-02-21 01:31:02', '2020-02-21 01:31:02'),
(10, 6, 2, 2, 10000, '2020-02-21 01:31:02', '2020-02-21 01:31:02'),
(11, 7, 4, 2, 12000, '2020-02-21 01:31:02', '2020-02-21 01:31:02'),
(12, 7, 2, 2, 10000, '2020-02-21 01:31:02', '2020-02-21 01:31:02'),
(13, 7, 1, 3, 18000, '2020-02-21 01:31:02', '2020-02-21 01:31:02'),
(14, 7, 5, 3, 25000, '2020-02-21 01:31:02', '2020-02-21 01:31:02'),
(15, 7, 13, 1, 14000, '2020-02-21 01:31:02', '2020-02-21 01:31:02'),
(16, 8, 11, 3, 35000, '2020-02-21 01:31:02', '2020-02-21 01:31:02'),
(17, 8, 9, 2, 8000, '2020-02-21 01:31:02', '2020-02-21 01:31:02'),
(18, 8, 8, 2, 5000, '2020-02-21 01:31:03', '2020-02-21 01:31:03'),
(19, 9, 12, 1, 10000, '2020-02-21 01:31:03', '2020-02-21 01:31:03'),
(20, 9, 2, 1, 10000, '2020-02-21 01:31:03', '2020-02-21 01:31:03'),
(21, 10, 5, 3, 25000, '2020-02-21 01:31:03', '2020-02-21 01:31:03'),
(22, 10, 13, 2, 14000, '2020-02-21 01:31:03', '2020-02-21 01:31:03'),
(23, 10, 2, 1, 10000, '2020-02-21 01:31:03', '2020-02-21 01:31:03'),
(24, 11, 12, 2, 10000, '2020-02-21 01:31:03', '2020-02-21 01:31:03'),
(25, 11, 1, 3, 15000, '2020-02-21 01:31:03', '2020-02-21 01:31:03'),
(26, 12, 6, 2, 24000, '2020-02-21 01:31:03', '2020-02-21 01:31:03'),
(27, 13, 1, 2, 15000, '2020-02-21 01:31:03', '2020-02-21 01:31:03'),
(28, 13, 12, 2, 10000, '2020-02-21 01:31:03', '2020-02-21 01:31:03'),
(29, 13, 9, 3, 8000, '2020-02-21 01:31:03', '2020-02-21 01:31:03'),
(30, 14, 7, 2, 10000, '2020-02-21 01:31:03', '2020-02-21 01:31:03'),
(31, 14, 3, 1, 18000, '2020-02-21 01:31:03', '2020-02-21 01:31:03'),
(32, 14, 6, 2, 24000, '2020-02-21 01:31:03', '2020-02-21 01:31:03'),
(33, 15, 1, 2, 15000, '2020-02-21 01:31:04', '2020-02-21 01:31:04'),
(34, 15, 8, 3, 5000, '2020-02-21 01:31:04', '2020-02-21 01:31:04'),
(35, 15, 13, 2, 14000, '2020-02-21 01:31:04', '2020-02-21 01:31:04'),
(36, 15, 8, 2, 5000, '2020-02-21 01:31:04', '2020-02-21 01:31:04'),
(37, 16, 13, 2, 14000, '2020-02-21 01:31:04', '2020-02-21 01:31:04'),
(38, 16, 1, 2, 8000, '2020-02-21 01:31:04', '2020-02-21 01:31:04'),
(39, 17, 6, 1, 24000, '2020-02-21 01:31:04', '2020-02-21 01:31:04'),
(40, 17, 13, 3, 14000, '2020-02-21 01:31:04', '2020-02-21 01:31:04'),
(41, 18, 9, 2, 8000, '2020-02-21 01:31:04', '2020-02-21 01:31:04'),
(42, 18, 12, 2, 10000, '2020-02-21 01:31:04', '2020-02-21 01:31:04'),
(43, 18, 1, 1, 8000, '2020-02-21 01:31:04', '2020-02-21 01:31:04'),
(44, 19, 8, 1, 5000, '2020-02-21 01:31:04', '2020-02-21 01:31:04'),
(45, 20, 9, 1, 8000, '2020-02-21 01:31:04', '2020-02-21 01:31:04'),
(46, 20, 12, 1, 10000, '2020-02-21 01:31:04', '2020-02-21 01:31:04'),
(47, 21, 9, 2, 8000, '2020-02-21 01:31:04', '2020-02-21 01:31:04'),
(48, 21, 5, 3, 25000, '2020-02-21 01:31:05', '2020-02-21 01:31:05'),
(49, 21, 6, 3, 24000, '2020-02-21 01:31:05', '2020-02-21 01:31:05'),
(50, 22, 5, 1, 25000, '2020-02-21 01:31:05', '2020-02-21 01:31:05'),
(51, 22, 1, 3, 12000, '2020-02-21 01:31:05', '2020-02-21 01:31:05'),
(52, 22, 13, 3, 14000, '2020-02-21 01:31:05', '2020-02-21 01:31:05'),
(53, 23, 4, 2, 12000, '2020-02-21 01:31:05', '2020-02-21 01:31:05'),
(54, 23, 4, 3, 12000, '2020-02-21 01:31:05', '2020-02-21 01:31:05'),
(55, 23, 8, 1, 5000, '2020-02-21 01:31:05', '2020-02-21 01:31:05'),
(56, 24, 7, 2, 10000, '2020-02-21 01:31:05', '2020-02-21 01:31:05'),
(57, 24, 10, 3, 15000, '2020-02-21 01:31:05', '2020-02-21 01:31:05'),
(58, 24, 1, 3, 15000, '2020-02-21 01:31:05', '2020-02-21 01:31:05'),
(59, 24, 13, 3, 14000, '2020-02-21 01:31:05', '2020-02-21 01:31:05'),
(60, 24, 13, 3, 14000, '2020-02-21 01:31:05', '2020-02-21 01:31:05'),
(61, 25, 2, 1, 10000, '2020-02-21 01:31:05', '2020-02-21 01:31:05'),
(62, 25, 10, 3, 15000, '2020-02-21 01:31:05', '2020-02-21 01:31:05'),
(63, 25, 4, 1, 12000, '2020-02-21 01:31:05', '2020-02-21 01:31:05'),
(64, 25, 6, 1, 24000, '2020-02-21 01:31:05', '2020-02-21 01:31:05'),
(65, 26, 7, 2, 10000, '2020-02-21 01:31:05', '2020-02-21 01:31:05'),
(66, 27, 10, 1, 15000, '2020-02-21 01:31:06', '2020-02-21 01:31:06'),
(67, 27, 10, 2, 15000, '2020-02-21 01:31:06', '2020-02-21 01:31:06'),
(68, 28, 8, 1, 5000, '2020-02-21 01:31:06', '2020-02-21 01:31:06'),
(69, 28, 4, 1, 12000, '2020-02-21 01:31:06', '2020-02-21 01:31:06'),
(70, 29, 5, 2, 25000, '2020-02-21 01:31:06', '2020-02-21 01:31:06'),
(71, 29, 10, 3, 15000, '2020-02-21 01:31:06', '2020-02-21 01:31:06'),
(72, 29, 10, 1, 15000, '2020-02-21 01:31:06', '2020-02-21 01:31:06'),
(73, 29, 3, 3, 18000, '2020-02-21 01:31:06', '2020-02-21 01:31:06'),
(74, 30, 3, 1, 18000, '2020-02-21 01:31:06', '2020-02-21 01:31:06'),
(75, 30, 3, 1, 18000, '2020-02-21 01:31:06', '2020-02-21 01:31:06'),
(76, 30, 3, 3, 18000, '2020-02-21 01:31:06', '2020-02-21 01:31:06'),
(77, 30, 10, 3, 15000, '2020-02-21 01:31:06', '2020-02-21 01:31:06'),
(78, 30, 7, 3, 10000, '2020-02-21 01:31:06', '2020-02-21 01:31:06'),
(79, 31, 1, 3, 15000, '2020-02-21 01:31:06', '2020-02-21 01:31:06'),
(80, 31, 5, 2, 25000, '2020-02-21 01:31:06', '2020-02-21 01:31:06'),
(83, 32, 3, 2, 18000, '2020-02-21 01:31:07', '2020-02-21 01:31:07'),
(84, 33, 3, 1, 18000, '2020-02-21 01:31:07', '2020-02-21 01:31:07'),
(85, 33, 10, 3, 15000, '2020-02-21 01:31:07', '2020-02-21 01:31:07'),
(86, 33, 2, 1, 10000, '2020-02-21 01:31:07', '2020-02-21 01:31:07'),
(87, 33, 2, 2, 10000, '2020-02-21 01:31:07', '2020-02-21 01:31:07'),
(88, 33, 7, 1, 10000, '2020-02-21 01:31:07', '2020-02-21 01:31:07'),
(89, 34, 13, 1, 14000, '2020-02-21 01:31:07', '2020-02-21 01:31:07'),
(90, 34, 13, 3, 14000, '2020-02-21 01:31:07', '2020-02-21 01:31:07'),
(91, 35, 3, 1, 18000, '2020-02-21 01:31:07', '2020-02-21 01:31:07'),
(92, 35, 4, 1, 12000, '2020-02-21 01:31:07', '2020-02-21 01:31:07'),
(93, 35, 11, 2, 35000, '2020-02-21 01:31:07', '2020-02-21 01:31:07'),
(94, 35, 5, 2, 25000, '2020-02-21 01:31:08', '2020-02-21 01:31:08'),
(95, 35, 11, 2, 35000, '2020-02-21 01:31:08', '2020-02-21 01:31:08'),
(96, 36, 7, 3, 10000, '2020-02-21 01:31:08', '2020-02-21 01:31:08'),
(97, 36, 10, 3, 15000, '2020-02-21 01:31:09', '2020-02-21 01:31:09'),
(98, 36, 1, 2, 8000, '2020-02-21 01:31:09', '2020-02-21 01:31:09'),
(99, 37, 6, 1, 24000, '2020-02-21 01:31:09', '2020-02-21 01:31:09'),
(100, 38, 2, 2, 10000, '2020-02-21 01:31:09', '2020-02-21 01:31:09'),
(101, 38, 11, 1, 35000, '2020-02-21 01:31:09', '2020-02-21 01:31:09'),
(102, 38, 9, 3, 8000, '2020-02-21 01:31:09', '2020-02-21 01:31:09'),
(103, 39, 12, 2, 10000, '2020-02-21 01:31:09', '2020-02-21 01:31:09'),
(104, 39, 9, 1, 8000, '2020-02-21 01:31:09', '2020-02-21 01:31:09'),
(105, 39, 3, 3, 18000, '2020-02-21 01:31:09', '2020-02-21 01:31:09'),
(106, 40, 13, 3, 14000, '2020-02-21 01:31:09', '2020-02-21 01:31:09'),
(107, 40, 5, 2, 25000, '2020-02-21 01:31:09', '2020-02-21 01:31:09'),
(108, 40, 9, 3, 8000, '2020-02-21 01:31:09', '2020-02-21 01:31:09'),
(109, 40, 11, 3, 35000, '2020-02-21 01:31:09', '2020-02-21 01:31:09'),
(110, 40, 13, 2, 14000, '2020-02-21 01:31:09', '2020-02-21 01:31:09'),
(111, 41, 10, 2, 15000, '2020-02-21 01:31:10', '2020-02-21 01:31:10'),
(112, 41, 9, 2, 8000, '2020-02-21 01:31:10', '2020-02-21 01:31:10'),
(113, 41, 7, 2, 10000, '2020-02-21 01:31:10', '2020-02-21 01:31:10'),
(114, 41, 8, 1, 5000, '2020-02-21 01:31:10', '2020-02-21 01:31:10'),
(115, 42, 1, 2, 15000, '2020-02-21 01:31:10', '2020-02-21 01:31:10'),
(116, 42, 8, 1, 5000, '2020-02-21 01:31:10', '2020-02-21 01:31:10'),
(117, 43, 13, 2, 14000, '2020-02-21 01:31:10', '2020-02-21 01:31:10'),
(118, 44, 8, 3, 5000, '2020-02-21 01:31:10', '2020-02-21 01:31:10'),
(119, 44, 9, 2, 8000, '2020-02-21 01:31:10', '2020-02-21 01:31:10'),
(120, 44, 3, 3, 18000, '2020-02-21 01:31:10', '2020-02-21 01:31:10'),
(121, 44, 12, 2, 10000, '2020-02-21 01:31:10', '2020-02-21 01:31:10'),
(122, 45, 6, 2, 24000, '2020-02-21 01:31:10', '2020-02-21 01:31:10'),
(123, 45, 9, 2, 8000, '2020-02-21 01:31:10', '2020-02-21 01:31:10'),
(124, 45, 7, 1, 10000, '2020-02-21 01:31:10', '2020-02-21 01:31:10'),
(125, 45, 1, 3, 15000, '2020-02-21 01:31:10', '2020-02-21 01:31:10'),
(126, 46, 8, 1, 5000, '2020-02-21 01:31:10', '2020-02-21 01:31:10'),
(127, 46, 11, 2, 35000, '2020-02-21 01:31:10', '2020-02-21 01:31:10'),
(128, 47, 9, 1, 8000, '2020-02-21 01:31:11', '2020-02-21 01:31:11'),
(129, 47, 12, 1, 10000, '2020-02-21 01:31:11', '2020-02-21 01:31:11'),
(130, 48, 4, 1, 12000, '2020-02-21 01:31:11', '2020-02-21 01:31:11'),
(131, 48, 12, 1, 10000, '2020-02-21 01:31:11', '2020-02-21 01:31:11'),
(132, 48, 12, 2, 10000, '2020-02-21 01:31:11', '2020-02-21 01:31:11'),
(133, 48, 7, 3, 10000, '2020-02-21 01:31:11', '2020-02-21 01:31:11'),
(134, 49, 8, 2, 5000, '2020-02-21 01:31:11', '2020-02-21 01:31:11'),
(135, 49, 6, 3, 24000, '2020-02-21 01:31:11', '2020-02-21 01:31:11'),
(136, 49, 8, 3, 5000, '2020-02-21 01:31:11', '2020-02-21 01:31:11'),
(137, 49, 4, 2, 12000, '2020-02-21 01:31:11', '2020-02-21 01:31:11'),
(138, 50, 5, 3, 25000, '2020-02-21 01:31:11', '2020-02-21 01:31:11'),
(139, 50, 10, 1, 15000, '2020-02-21 01:31:11', '2020-02-21 01:31:11'),
(140, 51, 6, 3, 24000, '2020-02-21 01:31:11', '2020-02-21 01:31:11'),
(141, 51, 8, 1, 5000, '2020-02-21 01:31:11', '2020-02-21 01:31:11'),
(142, 51, 9, 1, 8000, '2020-02-21 01:31:11', '2020-02-21 01:31:11'),
(143, 51, 6, 3, 24000, '2020-02-21 01:31:11', '2020-02-21 01:31:11'),
(144, 52, 7, 2, 10000, '2020-02-21 01:31:11', '2020-02-21 01:31:11'),
(145, 52, 7, 3, 10000, '2020-02-21 01:31:11', '2020-02-21 01:31:11'),
(146, 52, 6, 2, 24000, '2020-02-21 01:31:11', '2020-02-21 01:31:11'),
(147, 52, 3, 3, 18000, '2020-02-21 01:31:11', '2020-02-21 01:31:11'),
(148, 53, 5, 3, 25000, '2020-02-21 01:31:12', '2020-02-21 01:31:12'),
(149, 53, 1, 2, 15000, '2020-02-21 01:31:12', '2020-02-21 01:31:12'),
(150, 53, 5, 2, 25000, '2020-02-21 01:31:12', '2020-02-21 01:31:12'),
(151, 53, 3, 1, 18000, '2020-02-21 01:31:12', '2020-02-21 01:31:12'),
(152, 53, 10, 3, 15000, '2020-02-21 01:31:12', '2020-02-21 01:31:12'),
(153, 54, 9, 1, 8000, '2020-02-21 01:31:12', '2020-02-21 01:31:12'),
(154, 54, 9, 2, 8000, '2020-02-21 01:31:12', '2020-02-21 01:31:12'),
(155, 54, 8, 2, 5000, '2020-02-21 01:31:12', '2020-02-21 01:31:12'),
(156, 54, 11, 3, 35000, '2020-02-21 01:31:12', '2020-02-21 01:31:12'),
(157, 54, 9, 2, 8000, '2020-02-21 01:31:12', '2020-02-21 01:31:12'),
(158, 55, 3, 2, 18000, '2020-02-21 01:31:12', '2020-02-21 01:31:12'),
(159, 55, 1, 1, 15000, '2020-02-21 01:31:12', '2020-02-21 01:31:12'),
(160, 55, 10, 2, 15000, '2020-02-21 01:31:12', '2020-02-21 01:31:12'),
(161, 55, 2, 1, 10000, '2020-02-21 01:31:12', '2020-02-21 01:31:12'),
(162, 55, 5, 1, 25000, '2020-02-21 01:31:12', '2020-02-21 01:31:12'),
(163, 56, 10, 3, 15000, '2020-02-21 01:31:12', '2020-02-21 01:31:12'),
(164, 56, 9, 2, 8000, '2020-02-21 01:31:12', '2020-02-21 01:31:12'),
(165, 56, 1, 2, 15000, '2020-02-21 01:31:13', '2020-02-21 01:31:13'),
(166, 56, 5, 3, 25000, '2020-02-21 01:31:13', '2020-02-21 01:31:13'),
(167, 56, 12, 1, 10000, '2020-02-21 01:31:13', '2020-02-21 01:31:13'),
(168, 57, 1, 3, 15000, '2020-02-21 01:31:13', '2020-02-21 01:31:13'),
(169, 57, 3, 1, 18000, '2020-02-21 01:31:13', '2020-02-21 01:31:13'),
(170, 57, 8, 1, 5000, '2020-02-21 01:31:13', '2020-02-21 01:31:13'),
(171, 57, 10, 3, 15000, '2020-02-21 01:31:13', '2020-02-21 01:31:13'),
(172, 58, 5, 2, 25000, '2020-02-21 01:31:13', '2020-02-21 01:31:13'),
(173, 58, 12, 1, 10000, '2020-02-21 01:31:13', '2020-02-21 01:31:13'),
(174, 58, 6, 1, 24000, '2020-02-21 01:31:13', '2020-02-21 01:31:13'),
(175, 58, 11, 3, 35000, '2020-02-21 01:31:13', '2020-02-21 01:31:13'),
(176, 59, 12, 3, 10000, '2020-02-21 01:31:13', '2020-02-21 01:31:13'),
(177, 59, 10, 1, 15000, '2020-02-21 01:31:13', '2020-02-21 01:31:13'),
(178, 59, 5, 3, 25000, '2020-02-21 01:31:13', '2020-02-21 01:31:13'),
(179, 59, 7, 2, 10000, '2020-02-21 01:31:13', '2020-02-21 01:31:13'),
(180, 59, 2, 2, 10000, '2020-02-21 01:31:13', '2020-02-21 01:31:13'),
(181, 60, 3, 1, 18000, '2020-02-21 01:31:13', '2020-02-21 01:31:13'),
(182, 60, 10, 2, 15000, '2020-02-21 01:31:13', '2020-02-21 01:31:13'),
(183, 60, 12, 2, 10000, '2020-02-21 01:31:13', '2020-02-21 01:31:13'),
(184, 60, 9, 1, 8000, '2020-02-21 01:31:13', '2020-02-21 01:31:13'),
(185, 60, 3, 3, 18000, '2020-02-21 01:31:13', '2020-02-21 01:31:13'),
(186, 61, 12, 3, 10000, '2020-02-21 01:31:14', '2020-02-21 01:31:14'),
(187, 61, 7, 3, 10000, '2020-02-21 01:31:14', '2020-02-21 01:31:14'),
(188, 61, 3, 1, 18000, '2020-02-21 01:31:14', '2020-02-21 01:31:14'),
(189, 61, 3, 2, 18000, '2020-02-21 01:31:14', '2020-02-21 01:31:14'),
(190, 61, 2, 1, 10000, '2020-02-21 01:31:14', '2020-02-21 01:31:14'),
(191, 62, 9, 1, 8000, '2020-02-21 01:31:14', '2020-02-21 01:31:14'),
(192, 62, 9, 3, 8000, '2020-02-21 01:31:14', '2020-02-21 01:31:14'),
(193, 62, 11, 3, 35000, '2020-02-21 01:31:14', '2020-02-21 01:31:14'),
(194, 63, 9, 1, 8000, '2020-02-21 01:31:14', '2020-02-21 01:31:14'),
(195, 63, 9, 2, 8000, '2020-02-21 01:31:14', '2020-02-21 01:31:14'),
(196, 63, 12, 2, 10000, '2020-02-21 01:31:14', '2020-02-21 01:31:14'),
(197, 63, 2, 2, 10000, '2020-02-21 01:31:14', '2020-02-21 01:31:14'),
(198, 64, 5, 3, 25000, '2020-02-21 01:31:14', '2020-02-21 01:31:14'),
(199, 64, 8, 1, 5000, '2020-02-21 01:31:14', '2020-02-21 01:31:14'),
(200, 64, 11, 1, 35000, '2020-02-21 01:31:14', '2020-02-21 01:31:14'),
(201, 65, 1, 1, 15000, '2020-02-21 01:31:15', '2020-02-21 01:31:15'),
(202, 65, 2, 3, 10000, '2020-02-21 01:31:15', '2020-02-21 01:31:15'),
(203, 66, 13, 1, 14000, '2020-02-21 01:31:15', '2020-02-21 01:31:15'),
(204, 67, 11, 3, 35000, '2020-02-21 01:31:15', '2020-02-21 01:31:15'),
(205, 67, 7, 3, 10000, '2020-02-21 01:31:15', '2020-02-21 01:31:15'),
(206, 67, 13, 2, 14000, '2020-02-21 01:31:15', '2020-02-21 01:31:15'),
(207, 68, 6, 3, 24000, '2020-02-21 01:31:15', '2020-02-21 01:31:15'),
(208, 68, 3, 3, 18000, '2020-02-21 01:31:15', '2020-02-21 01:31:15'),
(209, 68, 10, 1, 15000, '2020-02-21 01:31:15', '2020-02-21 01:31:15'),
(210, 68, 2, 1, 10000, '2020-02-21 01:31:15', '2020-02-21 01:31:15'),
(211, 69, 1, 2, 15000, '2020-02-21 01:31:15', '2020-02-21 01:31:15'),
(212, 69, 10, 3, 15000, '2020-02-21 01:31:15', '2020-02-21 01:31:15'),
(213, 69, 4, 3, 12000, '2020-02-21 01:31:15', '2020-02-21 01:31:15'),
(214, 69, 4, 2, 12000, '2020-02-21 01:31:15', '2020-02-21 01:31:15'),
(215, 70, 7, 2, 10000, '2020-02-21 01:31:16', '2020-02-21 01:31:16'),
(216, 71, 1, 3, 15000, '2020-02-21 01:31:16', '2020-02-21 01:31:16'),
(217, 71, 4, 3, 12000, '2020-02-21 01:31:16', '2020-02-21 01:31:16'),
(218, 71, 13, 2, 14000, '2020-02-21 01:31:16', '2020-02-21 01:31:16'),
(219, 71, 9, 2, 8000, '2020-02-21 01:31:16', '2020-02-21 01:31:16'),
(220, 71, 6, 2, 24000, '2020-02-21 01:31:16', '2020-02-21 01:31:16'),
(221, 72, 11, 2, 35000, '2020-02-21 01:31:16', '2020-02-21 01:31:16'),
(222, 72, 10, 3, 15000, '2020-02-21 01:31:16', '2020-02-21 01:31:16'),
(223, 73, 4, 3, 12000, '2020-02-21 01:31:16', '2020-02-21 01:31:16'),
(224, 73, 5, 1, 25000, '2020-02-21 01:31:16', '2020-02-21 01:31:16'),
(225, 74, 10, 2, 15000, '2020-02-21 01:31:16', '2020-02-21 01:31:16'),
(226, 74, 4, 2, 12000, '2020-02-21 01:31:16', '2020-02-21 01:31:16'),
(227, 74, 2, 2, 10000, '2020-02-21 01:31:16', '2020-02-21 01:31:16'),
(228, 75, 12, 1, 10000, '2020-02-21 01:31:16', '2020-02-21 01:31:16'),
(229, 76, 13, 3, 14000, '2020-02-21 01:31:16', '2020-02-21 01:31:16'),
(230, 76, 13, 3, 14000, '2020-02-21 01:31:16', '2020-02-21 01:31:16'),
(231, 76, 7, 3, 10000, '2020-02-21 01:31:16', '2020-02-21 01:31:16'),
(232, 76, 10, 1, 15000, '2020-02-21 01:31:17', '2020-02-21 01:31:17'),
(233, 76, 8, 2, 5000, '2020-02-21 01:31:17', '2020-02-21 01:31:17'),
(234, 77, 9, 2, 8000, '2020-02-21 01:31:17', '2020-02-21 01:31:17'),
(235, 77, 9, 2, 8000, '2020-02-21 01:31:17', '2020-02-21 01:31:17'),
(236, 77, 6, 3, 24000, '2020-02-21 01:31:17', '2020-02-21 01:31:17'),
(237, 77, 7, 1, 10000, '2020-02-21 01:31:17', '2020-02-21 01:31:17'),
(238, 77, 9, 3, 8000, '2020-02-21 01:31:17', '2020-02-21 01:31:17'),
(239, 78, 2, 1, 10000, '2020-02-21 01:31:17', '2020-02-21 01:31:17'),
(240, 78, 10, 2, 15000, '2020-02-21 01:31:17', '2020-02-21 01:31:17'),
(241, 78, 1, 3, 15000, '2020-02-21 01:31:17', '2020-02-21 01:31:17'),
(242, 78, 5, 1, 25000, '2020-02-21 01:31:17', '2020-02-21 01:31:17'),
(243, 78, 6, 3, 24000, '2020-02-21 01:31:17', '2020-02-21 01:31:17'),
(244, 79, 4, 3, 12000, '2020-02-21 01:31:17', '2020-02-21 01:31:17'),
(245, 79, 4, 2, 12000, '2020-02-21 01:31:17', '2020-02-21 01:31:17'),
(246, 79, 4, 2, 12000, '2020-02-21 01:31:17', '2020-02-21 01:31:17'),
(247, 79, 3, 3, 18000, '2020-02-21 01:31:17', '2020-02-21 01:31:17'),
(248, 79, 11, 2, 35000, '2020-02-21 01:31:17', '2020-02-21 01:31:17'),
(249, 80, 6, 1, 24000, '2020-02-21 01:31:17', '2020-02-21 01:31:17'),
(250, 80, 8, 1, 5000, '2020-02-21 01:31:17', '2020-02-21 01:31:17'),
(251, 80, 6, 1, 24000, '2020-02-21 01:31:17', '2020-02-21 01:31:17'),
(252, 81, 6, 2, 24000, '2020-02-21 01:31:18', '2020-02-21 01:31:18'),
(253, 81, 10, 2, 15000, '2020-02-21 01:31:18', '2020-02-21 01:31:18'),
(254, 81, 7, 1, 10000, '2020-02-21 01:31:18', '2020-02-21 01:31:18'),
(255, 82, 3, 1, 18000, '2020-02-21 01:31:18', '2020-02-21 01:31:18'),
(256, 82, 1, 2, 15000, '2020-02-21 01:31:18', '2020-02-21 01:31:18'),
(257, 83, 9, 3, 8000, '2020-02-21 01:31:18', '2020-02-21 01:31:18'),
(258, 84, 8, 1, 5000, '2020-02-21 01:31:18', '2020-02-21 01:31:18'),
(259, 84, 4, 2, 12000, '2020-02-21 01:31:18', '2020-02-21 01:31:18'),
(260, 84, 6, 3, 24000, '2020-02-21 01:31:18', '2020-02-21 01:31:18'),
(261, 84, 6, 1, 24000, '2020-02-21 01:31:18', '2020-02-21 01:31:18'),
(262, 85, 4, 2, 12000, '2020-02-21 01:31:18', '2020-02-21 01:31:18'),
(263, 85, 6, 3, 24000, '2020-02-21 01:31:18', '2020-02-21 01:31:18'),
(264, 85, 5, 3, 25000, '2020-02-21 01:31:18', '2020-02-21 01:31:18'),
(265, 86, 5, 1, 25000, '2020-02-21 01:31:18', '2020-02-21 01:31:18'),
(266, 86, 5, 2, 25000, '2020-02-21 01:31:18', '2020-02-21 01:31:18'),
(267, 86, 5, 3, 25000, '2020-02-21 01:31:18', '2020-02-21 01:31:18'),
(268, 87, 5, 1, 25000, '2020-02-21 01:31:19', '2020-02-21 01:31:19'),
(269, 87, 7, 1, 10000, '2020-02-21 01:31:19', '2020-02-21 01:31:19'),
(270, 87, 13, 2, 14000, '2020-02-21 01:31:19', '2020-02-21 01:31:19'),
(271, 87, 2, 2, 10000, '2020-02-21 01:31:19', '2020-02-21 01:31:19'),
(272, 87, 12, 2, 10000, '2020-02-21 01:31:19', '2020-02-21 01:31:19'),
(273, 88, 11, 2, 35000, '2020-02-21 01:31:19', '2020-02-21 01:31:19'),
(274, 88, 4, 2, 12000, '2020-02-21 01:31:19', '2020-02-21 01:31:19'),
(275, 89, 4, 3, 12000, '2020-02-21 01:31:20', '2020-02-21 01:31:20'),
(276, 89, 9, 1, 8000, '2020-02-21 01:31:20', '2020-02-21 01:31:20'),
(277, 89, 8, 3, 5000, '2020-02-21 01:31:20', '2020-02-21 01:31:20'),
(278, 89, 12, 1, 10000, '2020-02-21 01:31:20', '2020-02-21 01:31:20'),
(279, 90, 12, 2, 10000, '2020-02-21 01:31:20', '2020-02-21 01:31:20'),
(280, 90, 2, 2, 10000, '2020-02-21 01:31:20', '2020-02-21 01:31:20'),
(281, 91, 6, 2, 24000, '2020-02-21 01:31:20', '2020-02-21 01:31:20'),
(282, 92, 4, 3, 12000, '2020-02-21 01:31:20', '2020-02-21 01:31:20'),
(283, 92, 2, 3, 10000, '2020-02-21 01:31:20', '2020-02-21 01:31:20'),
(284, 92, 7, 1, 10000, '2020-02-21 01:31:20', '2020-02-21 01:31:20'),
(285, 92, 1, 2, 15000, '2020-02-21 01:31:20', '2020-02-21 01:31:20'),
(286, 92, 9, 3, 8000, '2020-02-21 01:31:20', '2020-02-21 01:31:20'),
(287, 93, 5, 1, 25000, '2020-02-21 01:31:20', '2020-02-21 01:31:20'),
(288, 94, 8, 1, 5000, '2020-02-21 01:31:20', '2020-02-21 01:31:20'),
(289, 94, 10, 2, 15000, '2020-02-21 01:31:21', '2020-02-21 01:31:21'),
(290, 95, 2, 3, 10000, '2020-02-21 01:31:21', '2020-02-21 01:31:21'),
(291, 95, 2, 2, 10000, '2020-02-21 01:31:21', '2020-02-21 01:31:21'),
(292, 95, 10, 3, 15000, '2020-02-21 01:31:21', '2020-02-21 01:31:21'),
(293, 95, 7, 3, 10000, '2020-02-21 01:31:21', '2020-02-21 01:31:21'),
(294, 95, 10, 2, 15000, '2020-02-21 01:31:21', '2020-02-21 01:31:21'),
(295, 96, 6, 3, 24000, '2020-02-21 01:31:21', '2020-02-21 01:31:21'),
(296, 97, 5, 2, 25000, '2020-02-21 01:31:21', '2020-02-21 01:31:21'),
(297, 97, 3, 2, 18000, '2020-02-21 01:31:21', '2020-02-21 01:31:21'),
(298, 97, 6, 2, 24000, '2020-02-21 01:31:21', '2020-02-21 01:31:21'),
(299, 97, 8, 3, 5000, '2020-02-21 01:31:21', '2020-02-21 01:31:21'),
(300, 97, 10, 2, 15000, '2020-02-21 01:31:21', '2020-02-21 01:31:21'),
(301, 98, 6, 1, 24000, '2020-02-21 01:31:21', '2020-02-21 01:31:21'),
(302, 98, 13, 1, 14000, '2020-02-21 01:31:21', '2020-02-21 01:31:21'),
(303, 98, 13, 2, 14000, '2020-02-21 01:31:21', '2020-02-21 01:31:21'),
(304, 98, 1, 2, 15000, '2020-02-21 01:31:21', '2020-02-21 01:31:21'),
(305, 98, 3, 2, 18000, '2020-02-21 01:31:21', '2020-02-21 01:31:21'),
(306, 99, 6, 3, 24000, '2020-02-21 01:31:21', '2020-02-21 01:31:21'),
(307, 99, 4, 2, 12000, '2020-02-21 01:31:21', '2020-02-21 01:31:21'),
(308, 99, 11, 1, 35000, '2020-02-21 01:31:22', '2020-02-21 01:31:22'),
(309, 100, 1, 2, 15000, '2020-02-21 01:31:22', '2020-02-21 01:31:22'),
(310, 100, 6, 3, 24000, '2020-02-21 01:31:22', '2020-02-21 01:31:22'),
(311, 101, 7, 1, 10000, '2020-02-21 01:31:22', '2020-02-21 01:31:22'),
(312, 101, 5, 1, 25000, '2020-02-21 01:31:22', '2020-02-21 01:31:22'),
(313, 102, 8, 1, 5000, '2020-02-21 01:31:22', '2020-02-21 01:31:22'),
(314, 102, 4, 3, 12000, '2020-02-21 01:31:22', '2020-02-21 01:31:22'),
(315, 102, 11, 2, 35000, '2020-02-21 01:31:22', '2020-02-21 01:31:22'),
(316, 102, 9, 3, 8000, '2020-02-21 01:31:22', '2020-02-21 01:31:22'),
(317, 102, 9, 3, 8000, '2020-02-21 01:31:22', '2020-02-21 01:31:22'),
(318, 103, 12, 3, 10000, '2020-02-21 01:31:22', '2020-02-21 01:31:22'),
(319, 103, 9, 1, 8000, '2020-02-21 01:31:22', '2020-02-21 01:31:22'),
(320, 103, 5, 1, 25000, '2020-02-21 01:31:22', '2020-02-21 01:31:22'),
(321, 103, 4, 3, 12000, '2020-02-21 01:31:22', '2020-02-21 01:31:22'),
(322, 104, 3, 3, 18000, '2020-02-21 01:31:22', '2020-02-21 01:31:22'),
(323, 104, 3, 1, 18000, '2020-02-21 01:31:22', '2020-02-21 01:31:22'),
(324, 104, 6, 3, 24000, '2020-02-21 01:31:22', '2020-02-21 01:31:22'),
(325, 104, 4, 1, 12000, '2020-02-21 01:31:22', '2020-02-21 01:31:22'),
(326, 105, 8, 2, 5000, '2020-02-21 01:31:22', '2020-02-21 01:31:22'),
(327, 105, 5, 1, 25000, '2020-02-21 01:31:23', '2020-02-21 01:31:23'),
(328, 105, 13, 3, 14000, '2020-02-21 01:31:23', '2020-02-21 01:31:23'),
(329, 105, 4, 3, 12000, '2020-02-21 01:31:23', '2020-02-21 01:31:23'),
(330, 106, 3, 2, 18000, '2020-02-21 01:31:23', '2020-02-21 01:31:23'),
(331, 106, 6, 2, 24000, '2020-02-21 01:31:23', '2020-02-21 01:31:23'),
(332, 107, 5, 3, 25000, '2020-02-21 01:31:23', '2020-02-21 01:31:23'),
(333, 107, 3, 1, 18000, '2020-02-21 01:31:23', '2020-02-21 01:31:23'),
(334, 108, 12, 3, 10000, '2020-02-21 01:31:23', '2020-02-21 01:31:23'),
(335, 108, 2, 3, 10000, '2020-02-21 01:31:23', '2020-02-21 01:31:23'),
(336, 108, 11, 1, 35000, '2020-02-21 01:31:23', '2020-02-21 01:31:23'),
(337, 109, 1, 2, 15000, '2020-02-21 01:31:23', '2020-02-21 01:31:23'),
(338, 110, 7, 2, 10000, '2020-02-21 01:31:23', '2020-02-21 01:31:23'),
(339, 111, 7, 2, 10000, '2020-02-21 01:31:23', '2020-02-21 01:31:23'),
(340, 111, 9, 3, 8000, '2020-02-21 01:31:23', '2020-02-21 01:31:23'),
(341, 111, 5, 2, 25000, '2020-02-21 01:31:23', '2020-02-21 01:31:23'),
(342, 111, 8, 2, 5000, '2020-02-21 01:31:23', '2020-02-21 01:31:23'),
(343, 112, 1, 2, 15000, '2020-02-21 01:31:24', '2020-02-21 01:31:24'),
(344, 112, 5, 2, 25000, '2020-02-21 01:31:24', '2020-02-21 01:31:24'),
(345, 113, 6, 1, 24000, '2020-02-21 01:31:24', '2020-02-21 01:31:24'),
(346, 113, 12, 1, 10000, '2020-02-21 01:31:24', '2020-02-21 01:31:24'),
(347, 113, 11, 3, 35000, '2020-02-21 01:31:24', '2020-02-21 01:31:24'),
(348, 114, 1, 2, 15000, '2020-02-21 01:31:24', '2020-02-21 01:31:24'),
(349, 114, 6, 3, 24000, '2020-02-21 01:31:24', '2020-02-21 01:31:24'),
(350, 114, 8, 1, 5000, '2020-02-21 01:31:24', '2020-02-21 01:31:24'),
(351, 115, 11, 3, 35000, '2020-02-21 01:31:24', '2020-02-21 01:31:24'),
(352, 115, 6, 3, 24000, '2020-02-21 01:31:24', '2020-02-21 01:31:24'),
(353, 115, 9, 1, 8000, '2020-02-21 01:31:24', '2020-02-21 01:31:24'),
(354, 115, 6, 3, 24000, '2020-02-21 01:31:24', '2020-02-21 01:31:24'),
(355, 116, 12, 1, 10000, '2020-02-21 01:31:24', '2020-02-21 01:31:24'),
(356, 116, 5, 3, 25000, '2020-02-21 01:31:24', '2020-02-21 01:31:24'),
(357, 116, 8, 2, 5000, '2020-02-21 01:31:24', '2020-02-21 01:31:24'),
(358, 116, 1, 2, 15000, '2020-02-21 01:31:24', '2020-02-21 01:31:24'),
(359, 116, 11, 3, 35000, '2020-02-21 01:31:24', '2020-02-21 01:31:24'),
(360, 117, 12, 1, 10000, '2020-02-21 01:31:24', '2020-02-21 01:31:24'),
(361, 117, 10, 2, 15000, '2020-02-21 01:31:24', '2020-02-21 01:31:24'),
(362, 117, 12, 2, 10000, '2020-02-21 01:31:24', '2020-02-21 01:31:24'),
(363, 117, 8, 1, 5000, '2020-02-21 01:31:24', '2020-02-21 01:31:24'),
(364, 118, 4, 3, 12000, '2020-02-21 01:31:25', '2020-02-21 01:31:25'),
(365, 119, 10, 1, 15000, '2020-02-21 01:31:25', '2020-02-21 01:31:25'),
(366, 119, 4, 3, 12000, '2020-02-21 01:31:25', '2020-02-21 01:31:25'),
(367, 119, 2, 3, 10000, '2020-02-21 01:31:25', '2020-02-21 01:31:25'),
(368, 120, 10, 3, 15000, '2020-02-21 01:31:25', '2020-02-21 01:31:25'),
(369, 120, 2, 2, 10000, '2020-02-21 01:31:25', '2020-02-21 01:31:25'),
(370, 120, 10, 2, 15000, '2020-02-21 01:31:25', '2020-02-21 01:31:25'),
(371, 121, 7, 1, 10000, '2020-02-21 01:31:25', '2020-02-21 01:31:25'),
(372, 121, 5, 1, 25000, '2020-02-21 01:31:25', '2020-02-21 01:31:25'),
(373, 122, 11, 1, 35000, '2020-02-21 01:31:25', '2020-02-21 01:31:25'),
(374, 123, 6, 2, 24000, '2020-02-21 01:31:25', '2020-02-21 01:31:25'),
(375, 123, 2, 2, 10000, '2020-02-21 01:31:25', '2020-02-21 01:31:25'),
(376, 123, 13, 1, 14000, '2020-02-21 01:31:25', '2020-02-21 01:31:25'),
(377, 124, 3, 1, 18000, '2020-02-21 01:31:25', '2020-02-21 01:31:25'),
(378, 124, 11, 3, 35000, '2020-02-21 01:31:25', '2020-02-21 01:31:25'),
(379, 124, 4, 1, 12000, '2020-02-21 01:31:26', '2020-02-21 01:31:26'),
(380, 125, 7, 3, 10000, '2020-02-21 01:31:26', '2020-02-21 01:31:26'),
(381, 126, 2, 1, 10000, '2020-02-21 01:31:26', '2020-02-21 01:31:26'),
(382, 126, 7, 1, 10000, '2020-02-21 01:31:26', '2020-02-21 01:31:26'),
(383, 126, 7, 3, 10000, '2020-02-21 01:31:26', '2020-02-21 01:31:26'),
(384, 127, 8, 1, 5000, '2020-02-21 01:31:26', '2020-02-21 01:31:26'),
(385, 128, 7, 1, 10000, '2020-02-21 01:31:26', '2020-02-21 01:31:26'),
(386, 129, 12, 3, 10000, '2020-02-21 01:31:26', '2020-02-21 01:31:26'),
(387, 129, 12, 2, 10000, '2020-02-21 01:31:26', '2020-02-21 01:31:26'),
(388, 129, 4, 1, 12000, '2020-02-21 01:31:26', '2020-02-21 01:31:26'),
(389, 129, 4, 1, 12000, '2020-02-21 01:31:26', '2020-02-21 01:31:26'),
(390, 130, 4, 2, 12000, '2020-02-21 01:31:26', '2020-02-21 01:31:26'),
(391, 130, 11, 3, 35000, '2020-02-21 01:31:26', '2020-02-21 01:31:26'),
(392, 131, 2, 3, 10000, '2020-02-21 01:31:26', '2020-02-21 01:31:26'),
(393, 131, 12, 2, 10000, '2020-02-21 01:31:26', '2020-02-21 01:31:26'),
(394, 131, 8, 3, 5000, '2020-02-21 01:31:27', '2020-02-21 01:31:27'),
(395, 131, 4, 1, 12000, '2020-02-21 01:31:27', '2020-02-21 01:31:27'),
(396, 132, 3, 1, 18000, '2020-02-21 01:31:27', '2020-02-21 01:31:27'),
(397, 132, 10, 2, 15000, '2020-02-21 01:31:27', '2020-02-21 01:31:27'),
(398, 132, 9, 1, 8000, '2020-02-21 01:31:27', '2020-02-21 01:31:27'),
(399, 132, 12, 1, 10000, '2020-02-21 01:31:27', '2020-02-21 01:31:27'),
(400, 133, 3, 1, 18000, '2020-02-21 01:31:27', '2020-02-21 01:31:27'),
(401, 133, 4, 3, 12000, '2020-02-21 01:31:27', '2020-02-21 01:31:27'),
(402, 133, 3, 3, 18000, '2020-02-21 01:31:27', '2020-02-21 01:31:27'),
(403, 134, 13, 2, 14000, '2020-02-21 01:31:27', '2020-02-21 01:31:27'),
(404, 134, 5, 3, 25000, '2020-02-21 01:31:27', '2020-02-21 01:31:27'),
(405, 135, 13, 3, 14000, '2020-02-21 01:31:27', '2020-02-21 01:31:27'),
(406, 135, 10, 2, 15000, '2020-02-21 01:31:27', '2020-02-21 01:31:27'),
(407, 135, 4, 2, 12000, '2020-02-21 01:31:27', '2020-02-21 01:31:27'),
(408, 135, 11, 2, 35000, '2020-02-21 01:31:27', '2020-02-21 01:31:27'),
(409, 136, 10, 3, 15000, '2020-02-21 01:31:27', '2020-02-21 01:31:27'),
(410, 136, 7, 2, 10000, '2020-02-21 01:31:27', '2020-02-21 01:31:27'),
(411, 136, 9, 2, 8000, '2020-02-21 01:31:27', '2020-02-21 01:31:27'),
(412, 137, 12, 2, 10000, '2020-02-21 01:31:28', '2020-02-21 01:31:28'),
(413, 137, 10, 2, 15000, '2020-02-21 01:31:28', '2020-02-21 01:31:28'),
(414, 137, 11, 2, 35000, '2020-02-21 01:31:28', '2020-02-21 01:31:28'),
(415, 137, 4, 3, 12000, '2020-02-21 01:31:28', '2020-02-21 01:31:28'),
(416, 138, 2, 2, 10000, '2020-02-21 01:31:28', '2020-02-21 01:31:28'),
(417, 138, 11, 1, 35000, '2020-02-21 01:31:28', '2020-02-21 01:31:28'),
(418, 138, 9, 1, 8000, '2020-02-21 01:31:28', '2020-02-21 01:31:28'),
(419, 139, 8, 2, 5000, '2020-02-21 01:31:28', '2020-02-21 01:31:28'),
(420, 139, 3, 1, 18000, '2020-02-21 01:31:28', '2020-02-21 01:31:28'),
(421, 139, 10, 3, 15000, '2020-02-21 01:31:28', '2020-02-21 01:31:28'),
(422, 140, 4, 3, 12000, '2020-02-21 01:31:28', '2020-02-21 01:31:28'),
(423, 140, 7, 3, 10000, '2020-02-21 01:31:28', '2020-02-21 01:31:28'),
(424, 140, 1, 2, 15000, '2020-02-21 01:31:28', '2020-02-21 01:31:28'),
(425, 140, 10, 1, 15000, '2020-02-21 01:31:28', '2020-02-21 01:31:28'),
(426, 141, 10, 1, 15000, '2020-02-21 01:31:28', '2020-02-21 01:31:28'),
(427, 141, 10, 2, 15000, '2020-02-21 01:31:28', '2020-02-21 01:31:28'),
(428, 141, 9, 1, 8000, '2020-02-21 01:31:28', '2020-02-21 01:31:28'),
(429, 141, 9, 3, 8000, '2020-02-21 01:31:28', '2020-02-21 01:31:28'),
(430, 142, 13, 1, 14000, '2020-02-21 01:31:29', '2020-02-21 01:31:29'),
(431, 143, 9, 2, 8000, '2020-02-21 01:31:29', '2020-02-21 01:31:29'),
(432, 144, 11, 3, 35000, '2020-02-21 01:31:29', '2020-02-21 01:31:29'),
(433, 144, 4, 3, 12000, '2020-02-21 01:31:29', '2020-02-21 01:31:29'),
(434, 144, 8, 3, 5000, '2020-02-21 01:31:29', '2020-02-21 01:31:29'),
(435, 145, 13, 1, 14000, '2020-02-21 01:31:29', '2020-02-21 01:31:29'),
(436, 146, 13, 1, 14000, '2020-02-21 01:31:29', '2020-02-21 01:31:29'),
(437, 146, 13, 1, 14000, '2020-02-21 01:31:29', '2020-02-21 01:31:29'),
(438, 146, 3, 1, 18000, '2020-02-21 01:31:29', '2020-02-21 01:31:29'),
(439, 147, 6, 2, 24000, '2020-02-21 01:31:29', '2020-02-21 01:31:29'),
(440, 147, 3, 1, 18000, '2020-02-21 01:31:29', '2020-02-21 01:31:29'),
(441, 147, 7, 2, 10000, '2020-02-21 01:31:29', '2020-02-21 01:31:29'),
(442, 148, 2, 2, 10000, '2020-02-21 01:31:29', '2020-02-21 01:31:29'),
(443, 148, 8, 2, 5000, '2020-02-21 01:31:29', '2020-02-21 01:31:29'),
(444, 148, 12, 3, 10000, '2020-02-21 01:31:29', '2020-02-21 01:31:29'),
(445, 148, 2, 2, 10000, '2020-02-21 01:31:30', '2020-02-21 01:31:30'),
(446, 149, 12, 1, 10000, '2020-02-21 01:31:30', '2020-02-21 01:31:30'),
(447, 149, 6, 3, 24000, '2020-02-21 01:31:30', '2020-02-21 01:31:30'),
(448, 149, 3, 3, 18000, '2020-02-21 01:31:30', '2020-02-21 01:31:30'),
(449, 150, 6, 2, 24000, '2020-02-21 01:31:30', '2020-02-21 01:31:30'),
(450, 150, 13, 1, 14000, '2020-02-21 01:31:30', '2020-02-21 01:31:30'),
(451, 150, 2, 3, 10000, '2020-02-21 01:31:30', '2020-02-21 01:31:30'),
(452, 150, 8, 3, 5000, '2020-02-21 01:31:30', '2020-02-21 01:31:30'),
(453, 150, 13, 1, 14000, '2020-02-21 01:31:30', '2020-02-21 01:31:30'),
(454, 151, 2, 3, 10000, '2020-02-21 01:31:30', '2020-02-21 01:31:30'),
(455, 151, 3, 2, 18000, '2020-02-21 01:31:30', '2020-02-21 01:31:30'),
(456, 151, 13, 1, 14000, '2020-02-21 01:31:30', '2020-02-21 01:31:30'),
(457, 151, 9, 3, 8000, '2020-02-21 01:31:30', '2020-02-21 01:31:30'),
(458, 151, 5, 3, 25000, '2020-02-21 01:31:30', '2020-02-21 01:31:30'),
(459, 152, 3, 2, 18000, '2020-02-21 01:31:30', '2020-02-21 01:31:30'),
(460, 152, 5, 2, 25000, '2020-02-21 01:31:30', '2020-02-21 01:31:30'),
(461, 152, 9, 3, 8000, '2020-02-21 01:31:30', '2020-02-21 01:31:30'),
(462, 152, 10, 1, 15000, '2020-02-21 01:31:30', '2020-02-21 01:31:30'),
(463, 153, 1, 3, 15000, '2020-02-21 01:31:31', '2020-02-21 01:31:31'),
(464, 153, 12, 2, 10000, '2020-02-21 01:31:31', '2020-02-21 01:31:31'),
(465, 153, 1, 2, 15000, '2020-02-21 01:31:31', '2020-02-21 01:31:31'),
(466, 154, 6, 3, 24000, '2020-02-21 01:31:31', '2020-02-21 01:31:31'),
(467, 154, 11, 2, 35000, '2020-02-21 01:31:31', '2020-02-21 01:31:31'),
(468, 154, 4, 3, 12000, '2020-02-21 01:31:31', '2020-02-21 01:31:31'),
(469, 155, 9, 1, 8000, '2020-02-21 01:31:31', '2020-02-21 01:31:31'),
(470, 156, 8, 1, 5000, '2020-02-21 01:31:31', '2020-02-21 01:31:31'),
(471, 156, 3, 3, 18000, '2020-02-21 01:31:31', '2020-02-21 01:31:31'),
(472, 157, 11, 1, 35000, '2020-02-21 01:31:31', '2020-02-21 01:31:31'),
(473, 157, 2, 1, 10000, '2020-02-21 01:31:31', '2020-02-21 01:31:31'),
(474, 157, 7, 2, 10000, '2020-02-21 01:31:31', '2020-02-21 01:31:31'),
(475, 157, 9, 3, 8000, '2020-02-21 01:31:31', '2020-02-21 01:31:31'),
(476, 158, 5, 1, 25000, '2020-02-21 01:33:05', '2020-02-21 01:33:05'),
(477, 159, 5, 1, 25000, '2020-02-21 01:33:05', '2020-02-21 01:33:05'),
(478, 160, 10, 1, 15000, '2020-02-21 01:33:05', '2020-02-21 01:33:05'),
(479, 161, 1, 1, 15000, '2020-02-21 01:33:05', '2020-02-21 01:33:05'),
(480, 162, 4, 1, 12000, '2020-02-21 01:33:06', '2020-02-21 01:33:06'),
(481, 162, 4, 1, 12000, '2020-02-21 01:33:06', '2020-02-21 01:33:06'),
(482, 163, 13, 1, 14000, '2020-02-21 01:33:06', '2020-02-21 01:33:06'),
(483, 163, 10, 2, 15000, '2020-02-21 01:33:06', '2020-02-21 01:33:06'),
(484, 163, 7, 1, 10000, '2020-02-21 01:33:06', '2020-02-21 01:33:06'),
(485, 164, 9, 2, 8000, '2020-02-21 01:33:06', '2020-02-21 01:33:06'),
(486, 164, 7, 3, 10000, '2020-02-21 01:33:06', '2020-02-21 01:33:06'),
(487, 165, 8, 3, 5000, '2020-02-21 01:33:06', '2020-02-21 01:33:06'),
(488, 165, 3, 2, 18000, '2020-02-21 01:33:06', '2020-02-21 01:33:06'),
(489, 165, 5, 2, 25000, '2020-02-21 01:33:06', '2020-02-21 01:33:06'),
(490, 165, 11, 2, 35000, '2020-02-21 01:33:06', '2020-02-21 01:33:06'),
(491, 165, 3, 2, 18000, '2020-02-21 01:33:06', '2020-02-21 01:33:06'),
(492, 166, 2, 2, 10000, '2020-02-21 01:33:06', '2020-02-21 01:33:06'),
(493, 166, 6, 3, 24000, '2020-02-21 01:33:06', '2020-02-21 01:33:06'),
(494, 167, 11, 1, 35000, '2020-02-21 01:33:06', '2020-02-21 01:33:06'),
(495, 167, 12, 2, 10000, '2020-02-21 01:33:06', '2020-02-21 01:33:06'),
(496, 167, 2, 1, 10000, '2020-02-21 01:33:06', '2020-02-21 01:33:06'),
(497, 167, 13, 3, 14000, '2020-02-21 01:33:06', '2020-02-21 01:33:06'),
(498, 167, 10, 1, 15000, '2020-02-21 01:33:06', '2020-02-21 01:33:06'),
(499, 168, 4, 1, 12000, '2020-02-21 01:33:07', '2020-02-21 01:33:07'),
(500, 168, 1, 3, 15000, '2020-02-21 01:33:07', '2020-02-21 01:33:07'),
(501, 168, 13, 3, 14000, '2020-02-21 01:33:07', '2020-02-21 01:33:07'),
(502, 169, 3, 2, 18000, '2020-02-21 01:33:07', '2020-02-21 01:33:07'),
(503, 170, 6, 2, 24000, '2020-02-21 01:33:07', '2020-02-21 01:33:07'),
(504, 170, 2, 3, 10000, '2020-02-21 01:33:07', '2020-02-21 01:33:07'),
(505, 170, 1, 3, 15000, '2020-02-21 01:33:07', '2020-02-21 01:33:07'),
(506, 170, 5, 1, 25000, '2020-02-21 01:33:07', '2020-02-21 01:33:07'),
(507, 171, 12, 1, 10000, '2020-02-21 01:33:07', '2020-02-21 01:33:07'),
(508, 171, 10, 2, 15000, '2020-02-21 01:33:07', '2020-02-21 01:33:07'),
(509, 172, 3, 3, 18000, '2020-02-21 01:33:07', '2020-02-21 01:33:07'),
(510, 172, 6, 1, 24000, '2020-02-21 01:33:07', '2020-02-21 01:33:07'),
(511, 172, 7, 2, 10000, '2020-02-21 01:33:07', '2020-02-21 01:33:07'),
(512, 173, 8, 2, 5000, '2020-02-21 01:33:07', '2020-02-21 01:33:07'),
(513, 173, 7, 1, 10000, '2020-02-21 01:33:07', '2020-02-21 01:33:07'),
(514, 173, 13, 2, 14000, '2020-02-21 01:33:07', '2020-02-21 01:33:07'),
(515, 174, 4, 1, 12000, '2020-02-21 01:33:08', '2020-02-21 01:33:08'),
(516, 175, 11, 2, 35000, '2020-02-21 01:33:08', '2020-02-21 01:33:08'),
(517, 175, 2, 1, 10000, '2020-02-21 01:33:08', '2020-02-21 01:33:08'),
(518, 175, 9, 1, 8000, '2020-02-21 01:33:08', '2020-02-21 01:33:08'),
(519, 176, 4, 1, 12000, '2020-02-21 01:33:08', '2020-02-21 01:33:08'),
(520, 176, 13, 3, 14000, '2020-02-21 01:33:08', '2020-02-21 01:33:08'),
(521, 177, 12, 2, 10000, '2020-02-21 01:33:08', '2020-02-21 01:33:08'),
(522, 178, 8, 3, 5000, '2020-02-21 01:33:08', '2020-02-21 01:33:08'),
(523, 178, 2, 3, 10000, '2020-02-21 01:33:08', '2020-02-21 01:33:08'),
(524, 178, 1, 1, 15000, '2020-02-21 01:33:08', '2020-02-21 01:33:08'),
(525, 179, 2, 2, 10000, '2020-02-21 01:33:08', '2020-02-21 01:33:08'),
(526, 179, 11, 2, 35000, '2020-02-21 01:33:08', '2020-02-21 01:33:08'),
(527, 179, 10, 2, 15000, '2020-02-21 01:33:08', '2020-02-21 01:33:08'),
(528, 180, 9, 3, 8000, '2020-02-21 01:33:08', '2020-02-21 01:33:08'),
(529, 180, 6, 2, 24000, '2020-02-21 01:33:08', '2020-02-21 01:33:08'),
(530, 180, 12, 3, 10000, '2020-02-21 01:33:09', '2020-02-21 01:33:09'),
(531, 181, 3, 1, 18000, '2020-02-21 01:33:09', '2020-02-21 01:33:09'),
(532, 182, 9, 3, 8000, '2020-02-21 01:33:09', '2020-02-21 01:33:09'),
(533, 182, 5, 1, 25000, '2020-02-21 01:33:09', '2020-02-21 01:33:09'),
(534, 182, 6, 1, 24000, '2020-02-21 01:33:09', '2020-02-21 01:33:09'),
(535, 183, 3, 2, 18000, '2020-02-21 01:33:09', '2020-02-21 01:33:09'),
(536, 183, 9, 3, 8000, '2020-02-21 01:33:09', '2020-02-21 01:33:09'),
(537, 184, 5, 2, 25000, '2020-02-21 01:33:09', '2020-02-21 01:33:09'),
(538, 184, 3, 3, 18000, '2020-02-21 01:33:09', '2020-02-21 01:33:09'),
(539, 184, 2, 1, 10000, '2020-02-21 01:33:09', '2020-02-21 01:33:09'),
(540, 185, 9, 1, 8000, '2020-02-21 01:33:09', '2020-02-21 01:33:09'),
(541, 186, 13, 1, 14000, '2020-02-21 01:33:09', '2020-02-21 01:33:09'),
(542, 186, 10, 3, 15000, '2020-02-21 01:33:09', '2020-02-21 01:33:09'),
(543, 186, 11, 1, 35000, '2020-02-21 01:33:09', '2020-02-21 01:33:09'),
(544, 186, 10, 3, 15000, '2020-02-21 01:33:09', '2020-02-21 01:33:09'),
(545, 186, 4, 3, 12000, '2020-02-21 01:33:09', '2020-02-21 01:33:09'),
(546, 187, 7, 3, 10000, '2020-02-21 01:33:10', '2020-02-21 01:33:10'),
(547, 187, 12, 2, 10000, '2020-02-21 01:33:10', '2020-02-21 01:33:10'),
(548, 188, 6, 1, 24000, '2020-02-21 01:33:10', '2020-02-21 01:33:10'),
(549, 188, 2, 2, 10000, '2020-02-21 01:33:10', '2020-02-21 01:33:10'),
(550, 188, 10, 1, 15000, '2020-02-21 01:33:10', '2020-02-21 01:33:10'),
(551, 188, 13, 2, 14000, '2020-02-21 01:33:10', '2020-02-21 01:33:10'),
(552, 189, 3, 2, 18000, '2020-02-21 01:33:10', '2020-02-21 01:33:10'),
(553, 190, 8, 2, 5000, '2020-02-21 01:33:10', '2020-02-21 01:33:10'),
(554, 190, 12, 2, 10000, '2020-02-21 01:33:10', '2020-02-21 01:33:10'),
(555, 190, 8, 3, 5000, '2020-02-21 01:33:10', '2020-02-21 01:33:10'),
(556, 190, 1, 2, 15000, '2020-02-21 01:33:10', '2020-02-21 01:33:10'),
(557, 191, 10, 2, 15000, '2020-02-21 01:33:10', '2020-02-21 01:33:10'),
(558, 192, 6, 3, 24000, '2020-02-21 01:33:10', '2020-02-21 01:33:10'),
(559, 192, 7, 1, 10000, '2020-02-21 01:33:10', '2020-02-21 01:33:10'),
(560, 192, 1, 1, 15000, '2020-02-21 01:33:10', '2020-02-21 01:33:10'),
(561, 193, 2, 2, 10000, '2020-02-21 01:33:11', '2020-02-21 01:33:11'),
(562, 194, 6, 1, 24000, '2020-02-21 01:33:11', '2020-02-21 01:33:11'),
(563, 194, 9, 1, 8000, '2020-02-21 01:33:11', '2020-02-21 01:33:11'),
(564, 195, 4, 2, 12000, '2020-02-21 01:33:11', '2020-02-21 01:33:11'),
(565, 195, 3, 2, 18000, '2020-02-21 01:33:11', '2020-02-21 01:33:11'),
(566, 195, 7, 1, 10000, '2020-02-21 01:33:11', '2020-02-21 01:33:11'),
(567, 196, 6, 3, 24000, '2020-02-21 01:33:11', '2020-02-21 01:33:11'),
(568, 196, 7, 1, 10000, '2020-02-21 01:33:11', '2020-02-21 01:33:11'),
(569, 196, 8, 1, 5000, '2020-02-21 01:33:11', '2020-02-21 01:33:11'),
(570, 196, 1, 1, 15000, '2020-02-21 01:33:11', '2020-02-21 01:33:11'),
(571, 197, 12, 1, 10000, '2020-02-21 01:33:11', '2020-02-21 01:33:11'),
(572, 197, 11, 1, 35000, '2020-02-21 01:33:11', '2020-02-21 01:33:11'),
(573, 197, 8, 1, 5000, '2020-02-21 01:33:11', '2020-02-21 01:33:11'),
(574, 197, 6, 3, 24000, '2020-02-21 01:33:11', '2020-02-21 01:33:11'),
(575, 198, 3, 3, 18000, '2020-02-21 01:33:11', '2020-02-21 01:33:11'),
(576, 199, 12, 3, 10000, '2020-02-21 01:33:11', '2020-02-21 01:33:11'),
(577, 199, 13, 2, 14000, '2020-02-21 01:33:12', '2020-02-21 01:33:12'),
(578, 199, 13, 2, 14000, '2020-02-21 01:33:12', '2020-02-21 01:33:12'),
(579, 200, 1, 1, 15000, '2020-02-21 01:33:12', '2020-02-21 01:33:12'),
(580, 201, 5, 2, 25000, '2020-02-21 01:33:12', '2020-02-21 01:33:12'),
(581, 201, 11, 3, 35000, '2020-02-21 01:33:12', '2020-02-21 01:33:12'),
(582, 201, 4, 3, 12000, '2020-02-21 01:33:12', '2020-02-21 01:33:12'),
(583, 201, 3, 1, 18000, '2020-02-21 01:33:12', '2020-02-21 01:33:12'),
(584, 201, 6, 3, 24000, '2020-02-21 01:33:12', '2020-02-21 01:33:12'),
(585, 202, 3, 2, 18000, '2020-02-21 01:33:12', '2020-02-21 01:33:12'),
(586, 203, 9, 1, 8000, '2020-02-21 01:33:12', '2020-02-21 01:33:12'),
(587, 203, 12, 2, 10000, '2020-02-21 01:33:12', '2020-02-21 01:33:12'),
(588, 203, 8, 3, 5000, '2020-02-21 01:33:12', '2020-02-21 01:33:12'),
(589, 203, 3, 2, 18000, '2020-02-21 01:33:12', '2020-02-21 01:33:12'),
(590, 204, 7, 2, 10000, '2020-02-21 01:33:12', '2020-02-21 01:33:12'),
(591, 204, 9, 2, 8000, '2020-02-21 01:33:12', '2020-02-21 01:33:12'),
(592, 204, 5, 1, 25000, '2020-02-21 01:33:12', '2020-02-21 01:33:12'),
(593, 205, 5, 1, 25000, '2020-02-21 01:33:13', '2020-02-21 01:33:13'),
(594, 205, 4, 1, 12000, '2020-02-21 01:33:13', '2020-02-21 01:33:13'),
(595, 205, 6, 1, 24000, '2020-02-21 01:33:13', '2020-02-21 01:33:13'),
(596, 205, 10, 1, 15000, '2020-02-21 01:33:13', '2020-02-21 01:33:13'),
(597, 205, 9, 3, 8000, '2020-02-21 01:33:13', '2020-02-21 01:33:13'),
(598, 206, 2, 2, 10000, '2020-02-21 01:33:13', '2020-02-21 01:33:13'),
(599, 206, 9, 2, 8000, '2020-02-21 01:33:13', '2020-02-21 01:33:13'),
(600, 206, 9, 2, 8000, '2020-02-21 01:33:13', '2020-02-21 01:33:13'),
(601, 206, 11, 2, 35000, '2020-02-21 01:33:13', '2020-02-21 01:33:13'),
(602, 207, 5, 2, 25000, '2020-02-21 01:33:13', '2020-02-21 01:33:13'),
(603, 207, 6, 2, 24000, '2020-02-21 01:33:13', '2020-02-21 01:33:13'),
(604, 207, 8, 3, 5000, '2020-02-21 01:33:13', '2020-02-21 01:33:13'),
(605, 207, 2, 1, 10000, '2020-02-21 01:33:13', '2020-02-21 01:33:13'),
(606, 208, 9, 1, 8000, '2020-02-23 21:13:16', '2020-02-23 21:13:16');

--
-- Indexes for dumped tables
--

--
-- Indexes for table `tbl_pengguna`
--
ALTER TABLE `tbl_pengguna`
  ADD PRIMARY KEY (`id`),
  ADD UNIQUE KEY `tbl_user_username_unique` (`username`);

--
-- Indexes for table `tbl_produk`
--
ALTER TABLE `tbl_produk`
  ADD PRIMARY KEY (`id`);

--
-- Indexes for table `tbl_stok`
--
ALTER TABLE `tbl_stok`
  ADD PRIMARY KEY (`id`);

--
-- Indexes for table `tbl_transaksi`
--
ALTER TABLE `tbl_transaksi`
  ADD PRIMARY KEY (`id`);

--
-- Indexes for table `tbl_transaksi_detail`
--
ALTER TABLE `tbl_transaksi_detail`
  ADD PRIMARY KEY (`id`);

--
-- AUTO_INCREMENT for dumped tables
--

--
-- AUTO_INCREMENT for table `tbl_pengguna`
--
ALTER TABLE `tbl_pengguna`
  MODIFY `id` int(10) UNSIGNED NOT NULL AUTO_INCREMENT, AUTO_INCREMENT=9;

--
-- AUTO_INCREMENT for table `tbl_produk`
--
ALTER TABLE `tbl_produk`
  MODIFY `id` int(10) UNSIGNED NOT NULL AUTO_INCREMENT, AUTO_INCREMENT=14;

--
-- AUTO_INCREMENT for table `tbl_stok`
--
ALTER TABLE `tbl_stok`
  MODIFY `id` int(10) UNSIGNED NOT NULL AUTO_INCREMENT, AUTO_INCREMENT=4;

--
-- AUTO_INCREMENT for table `tbl_transaksi`
--
ALTER TABLE `tbl_transaksi`
  MODIFY `id` int(10) UNSIGNED NOT NULL AUTO_INCREMENT, AUTO_INCREMENT=209;

--
-- AUTO_INCREMENT for table `tbl_transaksi_detail`
--
ALTER TABLE `tbl_transaksi_detail`
  MODIFY `id` int(10) UNSIGNED NOT NULL AUTO_INCREMENT, AUTO_INCREMENT=607;
COMMIT;

/*!40101 SET CHARACTER_SET_CLIENT=@OLD_CHARACTER_SET_CLIENT */;
/*!40101 SET CHARACTER_SET_RESULTS=@OLD_CHARACTER_SET_RESULTS */;
/*!40101 SET COLLATION_CONNECTION=@OLD_COLLATION_CONNECTION */;
